Timestamp,Review,Mode,Pre_Lat_ms,Inf_Lat_ms,Post_Lat_ms,Pre_E_mJ,Inf_E_mJ,Post_E_mJ,Pre_Max_V,Pre_Mean_V,Pre_Max_C,Pre_Mean_C,Inf_Max_V,Inf_Mean_V,Inf_Max_C,Inf_Mean_C,Post_Max_V,Post_Mean_V,Post_Max_C,Post_Mean_C,Pre_Pwr_mW,Inf_Pwr_mW,Post_Pwr_mW
2025-09-15 20:42:17,000000411634.jpg,CPU1,11.677742004394531,84.11908149719238,0.14925003051757812,45.344672203063965,326.634393453598,0.5795378684997559,5056.0,5056.0,240.0,184.0,5056.0,5056.0,240.0,184.0,5056.0,5056.0,240.0,184.0,3883.0,3883.0,3883.0
2025-09-15 20:42:18,000000012802.jpg,CPU1,13.608694076538086,55.664777755737305,0.08463859558105469,55.59151530265808,227.3906171321869,0.3457486629486084,5056.0,5056.0,248.0,200.0,5056.0,5056.0,248.0,200.0,5056.0,5056.0,248.0,200.0,4085.0,4085.0,4085.0
2025-09-15 20:42:19,000000379113.jpg,CPU1,5.825042724609375,53.29561233520508,0.08559226989746094,25.44378662109375,232.79523468017578,0.3738670349121094,5056.0,5056.0,264.0,212.0,5056.0,5056.0,264.0,212.0,5056.0,5056.0,264.0,212.0,4368.0,4368.0,4368.0
2025-09-15 20:42:20,000000290388.jpg,CPU1,10.425090789794922,53.60746383666992,0.08106231689453125,41.80461406707764,214.9659299850464,0.3250598907470703,5056.0,5056.0,248.0,192.0,5056.0,5056.0,248.0,192.0,5056.0,5056.0,248.0,192.0,4010.0,4010.0,4010.0
2025-09-15 20:42:21,000000152104.jpg,CPU1,8.634805679321289,53.13277244567871,0.08273124694824219,36.31799268722534,223.47644090652466,0.34796762466430664,5056.0,5056.0,256.0,204.0,5056.0,5056.0,256.0,204.0,5056.0,5056.0,256.0,204.0,4206.0,4206.0,4206.0
2025-09-15 20:42:22,000000175194.jpg,CPU1,7.574558258056641,52.94609069824219,0.08106231689453125,30.017974376678467,209.8253574371338,0.32124996185302734,5056.0,5056.0,248.0,188.0,5056.0,5056.0,248.0,188.0,5056.0,5056.0,248.0,188.0,3963.0,3963.0,3963.0
2025-09-15 20:42:23,000000554030.jpg,CPU1,6.464481353759766,52.918434143066406,0.08296966552734375,26.665985584259033,218.28854084014893,0.34224987030029297,5056.0,5056.0,248.0,196.0,5056.0,5056.0,248.0,196.0,5056.0,5056.0,248.0,196.0,4125.0,4125.0,4125.0
2025-09-15 20:42:24,000000445284.jpg,CPU1,9.368658065795898,53.16877365112305,0.07653236389160156,41.29704475402832,234.3679542541504,0.3373546600341797,5048.0,5048.0,264.0,220.0,5048.0,5048.0,264.0,220.0,5048.0,5048.0,264.0,220.0,4408.0,4408.0,4408.0
2025-09-15 20:42:26,000000335007.jpg,CPU1,7.707834243774414,53.014516830444336,0.07605552673339844,32.419150829315186,222.97905778884888,0.31988954544067383,5056.0,5056.0,256.0,204.0,5056.0,5056.0,256.0,204.0,5056.0,5056.0,256.0,204.0,4206.0,4206.0,4206.0
2025-09-15 20:42:27,000000256063.jpg,CPU1,7.83991813659668,52.99496650695801,0.0858306884765625,33.2961323261261,225.06962275505066,0.36452293395996094,5056.0,5056.0,256.0,204.0,5056.0,5056.0,256.0,204.0,5056.0,5056.0,256.0,204.0,4247.0,4247.0,4247.0
2025-09-15 20:42:28,000000078545.jpg,CPU1,7.155656814575195,60.4701042175293,0.08654594421386719,29.810466289520264,251.91845417022705,0.3605504035949707,5056.0,5056.0,248.0,200.0,5056.0,5056.0,248.0,200.0,5056.0,5056.0,248.0,200.0,4166.0,4166.0,4166.0
2025-09-15 20:42:29,000000443622.jpg,CPU1,7.584810256958008,53.38168144226074,0.08296966552734375,33.99511957168579,239.25669622421265,0.3718700408935547,5048.0,5048.0,264.0,224.0,5048.0,5048.0,264.0,224.0,5048.0,5048.0,264.0,224.0,4482.0,4482.0,4482.0
2025-09-15 20:42:30,000000450708.jpg,CPU1,11.453628540039062,53.38406562805176,0.08320808410644531,48.1739616394043,224.5333800315857,0.349973201751709,5056.0,5056.0,256.0,204.0,5056.0,5056.0,256.0,204.0,5056.0,5056.0,256.0,204.0,4206.0,4206.0,4206.0
2025-09-15 20:42:31,000000498893.jpg,CPU1,6.528377532958984,68.64404678344727,0.07510185241699219,27.45835590362549,277.8367793560028,0.2920711040496826,5048.0,5048.0,248.0,204.0,5056.0,5052.0,248.0,194.0,5056.0,5056.0,240.0,184.0,4206.0,4047.5,3889.0
2025-09-15 20:42:32,000000284904.jpg,CPU1,6.762504577636719,53.06839942932129,0.08749961853027344,26.847143173217773,210.68154573440552,0.34737348556518555,5056.0,5056.0,248.0,188.0,5056.0,5056.0,248.0,188.0,5056.0,5056.0,248.0,188.0,3970.0,3970.0,3970.0
2025-09-15 20:42:33,000000238144.jpg,CPU1,7.956504821777344,53.049325942993164,0.08392333984375,35.07227325439453,233.84142875671387,0.36993408203125,5056.0,5056.0,264.0,212.0,5056.0,5056.0,264.0,212.0,5056.0,5056.0,264.0,212.0,4408.0,4408.0,4408.0
2025-09-15 20:42:34,000000006947.jpg,CPU1,7.399320602416992,60.384273529052734,0.13494491577148438,31.12154245376587,253.9762544631958,0.5675783157348633,5056.0,5056.0,256.0,200.0,5056.0,5056.0,256.0,200.0,5056.0,5056.0,256.0,200.0,4206.0,4206.0,4206.0
2025-09-15 20:42:35,000000046713.jpg,CPU1,8.280754089355469,52.99782752990723,0.07915496826171875,35.168362617492676,225.081773519516,0.33617115020751953,5056.0,5056.0,256.0,204.0,5056.0,5056.0,256.0,204.0,5056.0,5056.0,256.0,204.0,4247.0,4247.0,4247.0
2025-09-15 20:42:36,000000212278.jpg,CPU1,8.372783660888672,53.38549613952637,0.08487701416015625,33.18134164810181,211.566721200943,0.3363676071166992,5056.0,5056.0,240.0,188.0,5056.0,5056.0,240.0,188.0,5056.0,5056.0,240.0,188.0,3963.0,3963.0,3963.0
2025-09-15 20:42:37,000000535680.jpg,CPU1,7.48443603515625,53.11131477355957,0.08320808410644531,29.967681884765625,212.65770435333252,0.33316516876220703,5056.0,5056.0,248.0,192.0,5056.0,5056.0,248.0,192.0,5056.0,5056.0,248.0,192.0,4004.0,4004.0,4004.0
2025-09-15 20:42:38,000000379036.jpg,CPU1,9.19342041015625,52.898406982421875,0.08392333984375,35.69805145263672,205.40451431274414,0.32587432861328125,5056.0,5056.0,240.0,184.0,5056.0,5056.0,240.0,184.0,5056.0,5056.0,240.0,184.0,3883.0,3883.0,3883.0
2025-09-15 20:42:39,000000290084.jpg,CPU1,8.335113525390625,52.91914939880371,0.08416175842285156,35.399227142333984,224.74762749671936,0.3574349880218506,5056.0,5056.0,256.0,204.0,5056.0,5056.0,256.0,204.0,5056.0,5056.0,256.0,204.0,4247.0,4247.0,4247.0
2025-09-15 20:42:40,000000290580.jpg,CPU1,8.164405822753906,60.70542335510254,0.1480579376220703,31.41663360595703,233.59446907043457,0.5697269439697266,5056.0,5056.0,240.0,180.0,5056.0,5056.0,240.0,180.0,5056.0,5056.0,240.0,180.0,3848.0,3848.0,3848.0
2025-09-15 20:42:42,000000062751.jpg,CPU1,5.241155624389648,53.10225486755371,0.07891654968261719,19.95832061767578,202.21338653564453,0.30051422119140625,5064.0,5064.0,232.0,176.0,5064.0,5064.0,232.0,176.0,5064.0,5064.0,232.0,176.0,3808.0,3808.0,3808.0
2025-09-15 20:42:43,000000034560.jpg,CPU1,8.02922248840332,52.935123443603516,0.08392333984375,30.896448135375977,203.69435501098633,0.32293701171875,5056.0,5056.0,240.0,180.0,5056.0,5056.0,240.0,180.0,5056.0,5056.0,240.0,180.0,3848.0,3848.0,3848.0
2025-09-15 20:42:44,000000422076.jpg,CPU1,8.023500442504883,52.96754837036133,0.07677078247070312,31.20339322090149,205.9907956123352,0.29856157302856445,5056.0,5056.0,240.0,184.0,5056.0,5056.0,240.0,184.0,5056.0,5056.0,240.0,184.0,3889.0,3889.0,3889.0
2025-09-15 20:42:45,000000255220.jpg,CPU1,6.141424179077148,52.92105674743652,0.08153915405273438,23.847150087356567,205.49246335029602,0.3166165351867676,5056.0,5056.0,240.0,184.0,5056.0,5056.0,240.0,184.0,5056.0,5056.0,240.0,184.0,3883.0,3883.0,3883.0
2025-09-15 20:42:46,000000027614.jpg,CPU1,8.230209350585938,58.66241455078125,0.07891654968261719,32.953758239746094,234.88430786132812,0.3159818649291992,5056.0,5056.0,248.0,192.0,5056.0,5056.0,248.0,192.0,5056.0,5056.0,248.0,192.0,4004.0,4004.0,4004.0
2025-09-15 20:42:47,000000392258.jpg,CPU1,8.73565673828125,53.71499061584473,0.08273124694824219,35.685157775878906,219.4257366657257,0.33795714378356934,5056.0,5056.0,240.0,192.0,5056.0,5056.0,240.0,192.0,5056.0,5056.0,240.0,192.0,4085.0,4085.0,4085.0
2025-09-15 20:42:48,000000364903.jpg,CPU1,7.767915725708008,53.48944664001465,0.07462501525878906,32.67185354232788,232.35815620422363,0.3344693183898926,5056.0,5056.0,256.0,204.0,5056.0,5052.0,264.0,212.0,5048.0,5048.0,264.0,220.0,4206.0,4344.0,4482.0
2025-09-15 20:42:49,000000504281.jpg,CPU1,7.617473602294922,53.28559875488281,0.08392333984375,29.007339477539062,202.91156005859375,0.319580078125,5056.0,5056.0,240.0,180.0,5056.0,5056.0,240.0,180.0,5056.0,5056.0,240.0,180.0,3808.0,3808.0,3808.0
2025-09-15 20:42:50,000000068039.jpg,CPU1,9.096384048461914,52.91342735290527,0.08511543273925781,33.902223348617554,197.20834374427795,0.31722521781921387,5064.0,5064.0,232.0,172.0,5064.0,5064.0,232.0,172.0,5064.0,5064.0,232.0,172.0,3727.0,3727.0,3727.0
2025-09-15 20:42:51,000000516894.jpg,CPU1,7.099151611328125,72.70359992980957,0.14352798461914062,27.0335693359375,276.85530853271484,0.5465545654296875,5064.0,5060.0,240.0,176.0,5064.0,5060.0,240.0,176.0,5064.0,5060.0,240.0,176.0,3808.0,3808.0,3808.0
2025-09-15 20:42:52,000000138014.jpg,CPU1,7.752418518066406,53.27916145324707,0.08606910705566406,28.893263816833496,198.57143473625183,0.32077956199645996,5064.0,5064.0,232.0,172.0,5064.0,5064.0,232.0,172.0,5064.0,5064.0,232.0,172.0,3727.0,3727.0,3727.0
2025-09-15 20:42:53,000000351605.jpg,CPU1,11.35563850402832,53.15089225769043,0.08273124694824219,42.77669024467468,200.21941113471985,0.3116486072540283,5056.0,5056.0,232.0,172.0,5056.0,5056.0,232.0,172.0,5056.0,5056.0,232.0,172.0,3767.0,3767.0,3767.0
2025-09-15 20:42:54,000000101709.jpg,CPU1,9.643077850341797,52.96063423156738,0.07796287536621094,36.32547426223755,199.50270915031433,0.2936861515045166,5056.0,5056.0,232.0,172.0,5056.0,5056.0,232.0,172.0,5056.0,5056.0,232.0,172.0,3767.0,3767.0,3767.0
2025-09-15 20:42:55,000000066122.jpg,CPU1,7.806062698364258,52.88100242614746,0.07987022399902344,29.725486755371094,201.37085723876953,0.30414581298828125,5056.0,5056.0,240.0,180.0,5056.0,5056.0,240.0,180.0,5056.0,5056.0,240.0,180.0,3808.0,3808.0,3808.0
2025-09-15 20:42:56,000000368642.jpg,CPU1,6.175994873046875,60.1041316986084,0.13685226440429688,23.5181884765625,228.87653350830078,0.5211334228515625,5056.0,5056.0,240.0,180.0,5056.0,5056.0,240.0,180.0,5056.0,5056.0,240.0,180.0,3808.0,3808.0,3808.0
2025-09-15 20:42:58,000000454964.jpg,CPU1,6.285190582275391,52.936553955078125,0.07605552673339844,24.185413360595703,203.69985961914062,0.2926616668701172,5064.0,5064.0,240.0,180.0,5064.0,5064.0,240.0,180.0,5064.0,5064.0,240.0,180.0,3848.0,3848.0,3848.0
2025-09-15 20:42:59,000000136214.jpg,CPU1,9.71531867980957,52.92940139770508,0.08368492126464844,37.38454627990723,203.67233657836914,0.3220195770263672,5056.0,5056.0,240.0,180.0,5056.0,5056.0,240.0,180.0,5056.0,5056.0,240.0,180.0,3848.0,3848.0,3848.0
2025-09-15 20:43:00,000000284959.jpg,CPU1,8.01539421081543,52.90579795837402,0.08487701416015625,30.843236923217773,203.58151054382324,0.32660675048828125,5056.0,5056.0,240.0,180.0,5056.0,5056.0,240.0,180.0,5056.0,5056.0,240.0,180.0,3848.0,3848.0,3848.0
2025-09-15 20:43:01,000000577846.jpg,CPU1,5.8040618896484375,60.90211868286133,0.14495849609375,22.76933479309082,238.919011592865,0.5686721801757812,5056.0,5056.0,240.0,184.0,5056.0,5056.0,240.0,184.0,5056.0,5056.0,240.0,184.0,3923.0,3923.0,3923.0
2025-09-15 20:43:02,000000263151.jpg,CPU1,7.965803146362305,52.98137664794922,0.08106231689453125,31.297640562057495,208.16382884979248,0.3184938430786133,5064.0,5064.0,240.0,184.0,5064.0,5064.0,240.0,184.0,5064.0,5064.0,240.0,184.0,3929.0,3929.0,3929.0
2025-09-15 20:43:03,000000138298.jpg,CPU1,6.87408447265625,53.2228946685791,0.08106231689453125,27.24199676513672,210.92233157157898,0.32124996185302734,5056.0,5056.0,248.0,192.0,5056.0,5056.0,248.0,192.0,5056.0,5056.0,248.0,192.0,3963.0,3963.0,3963.0
2025-09-15 20:43:04,000000393712.jpg,CPU1,9.392976760864258,72.87240028381348,0.11420249938964844,36.84864783287048,278.73693108558655,0.4256327152252197,5056.0,5056.0,240.0,188.0,5056.0,5056.0,240.0,180.0,5056.0,5056.0,232.0,172.0,3923.0,3825.0,3727.0
2025-09-15 20:43:05,000000196412.jpg,CPU1,8.422136306762695,52.936553955078125,0.06198883056640625,31.389302015304565,197.29453659057617,0.2310323715209961,5064.0,5064.0,232.0,172.0,5064.0,5064.0,232.0,172.0,5064.0,5064.0,232.0,172.0,3727.0,3727.0,3727.0
2025-09-15 20:43:06,000000200707.jpg,CPU1,8.758068084716797,52.89912223815918,0.07081031799316406,32.991642475128174,199.27099347114563,0.266742467880249,5064.0,5064.0,232.0,172.0,5064.0,5064.0,232.0,172.0,5064.0,5064.0,232.0,172.0,3767.0,3767.0,3767.0
2025-09-15 20:43:07,000000293475.jpg,CPU1,9.158849716186523,52.92963981628418,0.08463859558105469,34.13503289222717,197.26876759529114,0.3154480457305908,5064.0,5064.0,232.0,172.0,5064.0,5064.0,232.0,172.0,5064.0,5064.0,232.0,172.0,3727.0,3727.0,3727.0
2025-09-15 20:43:08,000000346664.jpg,CPU1,8.976459503173828,52.930355072021484,0.07104873657226562,33.81432294845581,199.38864755630493,0.2676405906677246,5064.0,5060.0,232.0,172.0,5064.0,5060.0,232.0,172.0,5064.0,5060.0,232.0,172.0,3767.0,3767.0,3767.0
2025-09-15 20:43:09,000000120275.jpg,CPU1,8.07046890258789,52.95395851135254,0.0820159912109375,30.401456356048584,199.47756171226501,0.30895423889160156,5064.0,5060.0,240.0,176.0,5064.0,5060.0,240.0,176.0,5064.0,5060.0,240.0,176.0,3767.0,3767.0,3767.0
2025-09-15 20:43:10,000000445065.jpg,CPU1,7.742881774902344,60.70423126220703,0.14019012451171875,29.16743564605713,228.6728391647339,0.5280961990356445,5064.0,5060.0,232.0,172.0,5064.0,5060.0,232.0,172.0,5064.0,5060.0,232.0,172.0,3767.0,3767.0,3767.0
2025-09-15 20:43:11,000000387260.jpg,CPU1,9.763002395629883,52.964210510253906,0.08678436279296875,36.77723002433777,199.51618099212646,0.3269166946411133,5064.0,5064.0,232.0,176.0,5064.0,5064.0,232.0,176.0,5064.0,5064.0,232.0,176.0,3767.0,3767.0,3767.0
2025-09-15 20:43:12,000000284124.jpg,CPU1,4.734992980957031,53.231000900268555,0.08368492126464844,18.220252990722656,204.8328914642334,0.3220195770263672,5056.0,5056.0,240.0,180.0,5056.0,5056.0,240.0,180.0,5056.0,5056.0,240.0,180.0,3848.0,3848.0,3848.0
2025-09-15 20:43:14,000000179304.jpg,CPU1,7.984399795532227,52.98924446105957,0.08273124694824219,30.40459442138672,201.78304290771484,0.31504058837890625,5056.0,5056.0,240.0,180.0,5056.0,5056.0,240.0,180.0,5056.0,5056.0,240.0,180.0,3808.0,3808.0,3808.0
2025-09-15 20:43:15,000000438644.jpg,CPU1,6.74128532409668,73.16732406616211,0.15044212341308594,25.940465927124023,281.5478630065918,0.5789012908935547,5056.0,5056.0,240.0,180.0,5056.0,5056.0,240.0,180.0,5056.0,5056.0,240.0,180.0,3848.0,3848.0,3848.0
2025-09-15 20:43:16,000000306331.jpg,CPU1,6.0749053955078125,53.00593376159668,0.07987022399902344,23.376235961914062,203.96683311462402,0.3073406219482422,5064.0,5060.0,240.0,180.0,5064.0,5060.0,240.0,180.0,5064.0,5060.0,240.0,180.0,3848.0,3848.0,3848.0
2025-09-15 20:43:17,000000470372.jpg,CPU1,8.427858352661133,60.95099449157715,0.14400482177734375,33.11305546760559,239.47645735740662,0.5657949447631836,5056.0,5056.0,240.0,184.0,5056.0,5056.0,240.0,184.0,5056.0,5056.0,240.0,184.0,3929.0,3929.0,3929.0
2025-09-15 20:43:18,000000040295.jpg,CPU1,6.564140319824219,52.96945571899414,0.080108642578125,25.790507316589355,208.11699151992798,0.3147468566894531,5064.0,5060.0,240.0,188.0,5064.0,5060.0,240.0,188.0,5064.0,5060.0,240.0,188.0,3929.0,3929.0,3929.0
2025-09-15 20:43:19,000000544314.jpg,CPU1,7.8907012939453125,53.14803123474121,0.08630752563476562,31.59436798095703,212.8047170639038,0.34557533264160156,5056.0,5056.0,248.0,192.0,5056.0,5056.0,248.0,192.0,5056.0,5056.0,248.0,192.0,4004.0,4004.0,4004.0
2025-09-15 20:43:20,000000342463.jpg,CPU1,5.656242370605469,52.98447608947754,0.06437301635742188,22.189438819885254,203.72531056404114,0.2424931526184082,5056.0,5056.0,240.0,188.0,5056.0,5056.0,240.0,180.0,5056.0,5056.0,232.0,172.0,3923.0,3845.0,3767.0
2025-09-15 20:43:21,000000248892.jpg,CPU1,5.77855110168457,52.980899810791016,0.07176399230957031,21.536659955978394,197.45981359481812,0.26746439933776855,5064.0,5064.0,232.0,172.0,5064.0,5064.0,232.0,172.0,5064.0,5064.0,232.0,172.0,3727.0,3727.0,3727.0
2025-09-15 20:43:22,000000360977.jpg,CPU1,10.1318359375,60.62912940979004,0.14138221740722656,37.7613525390625,225.96476531028748,0.5269315242767334,5064.0,5064.0,232.0,172.0,5064.0,5064.0,232.0,172.0,5064.0,5064.0,232.0,172.0,3727.0,3727.0,3727.0
2025-09-15 20:43:23,000000268031.jpg,CPU1,6.591081619262695,53.034067153930664,0.07700920104980469,24.564961194992065,197.65796828269958,0.28701329231262207,5064.0,5064.0,232.0,172.0,5064.0,5064.0,232.0,172.0,5064.0,5064.0,232.0,172.0,3727.0,3727.0,3727.0
2025-09-15 20:43:24,000000436543.jpg,CPU1,6.48045539855957,52.98185348510742,0.08177757263183594,24.4118754863739,199.58264207839966,0.308056116104126,5064.0,5064.0,232.0,172.0,5064.0,5064.0,232.0,172.0,5064.0,5064.0,232.0,172.0,3767.0,3767.0,3767.0
2025-09-15 20:43:25,000000001654.jpg,CPU1,7.256507873535156,52.98185348510742,0.08034706115722656,27.335265159606934,199.58264207839966,0.30266737937927246,5064.0,5064.0,232.0,172.0,5064.0,5064.0,232.0,172.0,5064.0,5064.0,232.0,172.0,3767.0,3767.0,3767.0
2025-09-15 20:43:26,000000446569.jpg,CPU1,8.065462112426758,53.0400276184082,0.0820159912109375,30.382595777511597,199.8017840385437,0.30895423889160156,5064.0,5064.0,232.0,172.0,5064.0,5064.0,232.0,172.0,5064.0,5064.0,232.0,172.0,3767.0,3767.0,3767.0
2025-09-15 20:43:27,000000306649.jpg,CPU1,9.961843490600586,52.95157432556152,0.07462501525878906,37.93470001220703,201.63959503173828,0.28417205810546875,5056.0,5056.0,240.0,176.0,5056.0,5056.0,240.0,176.0,5056.0,5056.0,240.0,176.0,3808.0,3808.0,3808.0
2025-09-15 20:43:28,000000281854.jpg,CPU1,7.655858993530273,52.973031997680664,0.08177757263183594,29.15351104736328,201.72130584716797,0.31140899658203125,5056.0,5056.0,240.0,176.0,5056.0,5056.0,240.0,176.0,5056.0,5056.0,240.0,176.0,3808.0,3808.0,3808.0
2025-09-15 20:43:30,000000216438.jpg,CPU1,9.601593017578125,60.67776679992676,0.1437664031982422,36.5628662109375,231.0609359741211,0.5474624633789062,5056.0,5056.0,240.0,180.0,5056.0,5056.0,240.0,180.0,5056.0,5056.0,240.0,180.0,3808.0,3808.0,3808.0
2025-09-15 20:43:31,000000552046.jpg,CPU1,8.458375930786133,52.950382232666016,0.08559226989746094,32.54783058166504,203.75307083129883,0.3293590545654297,5064.0,5064.0,240.0,180.0,5064.0,5064.0,240.0,180.0,5064.0,5064.0,240.0,180.0,3848.0,3848.0,3848.0
2025-09-15 20:43:32,000000460638.jpg,CPU1,5.640268325805664,53.04694175720215,0.08559226989746094,21.703752517700195,204.12463188171387,0.3293590545654297,5056.0,5056.0,240.0,180.0,5056.0,5056.0,240.0,180.0,5056.0,5056.0,240.0,180.0,3848.0,3848.0,3848.0
2025-09-15 20:43:33,000000042411.jpg,CPU1,9.08517837524414,52.9170036315918,0.08416175842285156,34.95976638793945,203.62462997436523,0.3238544464111328,5056.0,5056.0,240.0,180.0,5056.0,5056.0,240.0,180.0,5056.0,5056.0,240.0,180.0,3848.0,3848.0,3848.0
2025-09-15 20:43:34,000000304515.jpg,CPU1,6.046772003173828,53.05194854736328,0.08225440979003906,23.721486568450928,208.12279415130615,0.32268404960632324,5056.0,5056.0,240.0,184.0,5056.0,5056.0,240.0,184.0,5056.0,5056.0,240.0,184.0,3923.0,3923.0,3923.0
2025-09-15 20:43:35,000000081362.jpg,CPU1,6.007909774780273,60.79697608947754,0.1423358917236328,23.809346437454224,240.9384162425995,0.5640771389007568,5056.0,5056.0,240.0,188.0,5056.0,5056.0,240.0,188.0,5056.0,5056.0,240.0,188.0,3963.0,3963.0,3963.0
2025-09-15 20:43:36,000000269181.jpg,CPU1,8.044004440307617,53.293704986572266,0.08273124694824219,31.604893445968628,209.39096689224243,0.32505106925964355,5056.0,5056.0,240.0,188.0,5056.0,5056.0,240.0,188.0,5056.0,5056.0,240.0,188.0,3929.0,3929.0,3929.0
2025-09-15 20:43:37,000000387053.jpg,CPU1,6.596088409423828,53.48563194274902,0.06771087646484375,25.342171669006348,201.31991863250732,0.24958229064941406,5056.0,5056.0,240.0,184.0,5064.0,5060.0,240.0,176.0,5064.0,5064.0,232.0,168.0,3842.0,3764.0,3686.0
2025-09-15 20:43:38,000000063419.jpg,CPU1,5.231142044067383,53.25055122375488,0.07200241088867188,19.496466398239136,198.46480441093445,0.2683529853820801,5064.0,5064.0,232.0,172.0,5064.0,5064.0,232.0,172.0,5064.0,5064.0,232.0,172.0,3727.0,3727.0,3727.0
2025-09-15 20:43:39,000000346680.jpg,CPU1,7.557153701782227,60.50992012023926,0.10752677917480469,28.16551184654236,225.5204722881317,0.40075230598449707,5064.0,5064.0,232.0,172.0,5064.0,5064.0,232.0,172.0,5064.0,5064.0,232.0,172.0,3727.0,3727.0,3727.0
2025-09-15 20:43:40,000000560788.jpg,CPU1,7.678985595703125,52.96468734741211,0.07224082946777344,28.926738739013672,199.51797723770142,0.27213120460510254,5064.0,5064.0,232.0,172.0,5064.0,5064.0,232.0,172.0,5064.0,5064.0,232.0,172.0,3767.0,3767.0,3767.0
2025-09-15 20:43:41,000000388445.jpg,CPU1,7.679939270019531,52.93083190917969,0.06961822509765625,28.623133659362793,197.2732105255127,0.25946712493896484,5064.0,5064.0,232.0,172.0,5064.0,5064.0,232.0,172.0,5064.0,5064.0,232.0,172.0,3727.0,3727.0,3727.0
2025-09-15 20:43:42,000000039230.jpg,CPU1,5.530118942260742,53.084611892700195,0.06961822509765625,20.831958055496216,199.96973299980164,0.2622518539428711,5064.0,5060.0,232.0,172.0,5064.0,5060.0,232.0,172.0,5064.0,5060.0,232.0,172.0,3767.0,3767.0,3767.0
2025-09-15 20:43:43,000000038720.jpg,CPU1,9.009361267089844,52.96468734741211,0.07176399230957031,34.307647705078125,201.6895294189453,0.27327728271484375,5064.0,5060.0,240.0,176.0,5064.0,5060.0,240.0,176.0,5064.0,5060.0,240.0,176.0,3808.0,3808.0,3808.0
2025-09-15 20:43:44,000000219773.jpg,CPU1,7.87353515625,52.913665771484375,0.0743865966796875,29.982421875,201.4952392578125,0.28326416015625,5064.0,5060.0,240.0,176.0,5064.0,5060.0,240.0,176.0,5064.0,5060.0,240.0,176.0,3808.0,3808.0,3808.0
2025-09-15 20:43:45,000000314834.jpg,CPU1,6.984233856201172,60.61244010925293,0.11396408081054688,26.595962524414062,230.81217193603516,0.4339752197265625,5056.0,5056.0,240.0,180.0,5056.0,5056.0,240.0,180.0,5056.0,5056.0,240.0,180.0,3808.0,3808.0,3808.0
2025-09-15 20:43:47,000000524224.jpg,CPU1,6.191253662109375,53.07316780090332,0.07128715515136719,23.5762939453125,202.10262298583984,0.27146148681640625,5064.0,5064.0,232.0,176.0,5064.0,5064.0,232.0,176.0,5064.0,5064.0,232.0,176.0,3808.0,3808.0,3808.0
2025-09-15 20:43:48,000000531470.jpg,CPU1,10.63394546508789,52.96778678894043,0.0743865966796875,40.49406433105469,201.70133209228516,0.28326416015625,5056.0,5056.0,240.0,180.0,5056.0,5056.0,240.0,180.0,5056.0,5056.0,240.0,180.0,3808.0,3808.0,3808.0
2025-09-15 20:43:49,000000204330.jpg,CPU1,8.161544799804688,52.94370651245117,0.06985664367675781,31.405624389648438,203.7273826599121,0.26880836486816406,5056.0,5056.0,240.0,180.0,5056.0,5056.0,240.0,180.0,5056.0,5056.0,240.0,180.0,3848.0,3848.0,3848.0
2025-09-15 20:43:50,000000570896.jpg,CPU1,5.49006462097168,53.090572357177734,0.07200241088867188,21.350861310958862,206.4692358970642,0.2800173759460449,5056.0,5056.0,240.0,184.0,5056.0,5056.0,240.0,184.0,5056.0,5056.0,240.0,184.0,3889.0,3889.0,3889.0
2025-09-15 20:43:51,000000447908.jpg,CPU1,9.764909744262695,52.96182632446289,0.0743865966796875,38.307740926742554,207.76924467086792,0.29181861877441406,5056.0,5056.0,240.0,184.0,5056.0,5056.0,240.0,184.0,5056.0,5056.0,240.0,184.0,3923.0,3923.0,3923.0
2025-09-15 20:43:52,000000549099.jpg,CPU1,4.942417144775391,53.21621894836426,0.07009506225585938,19.789438247680664,213.0777406692505,0.28066062927246094,5056.0,5056.0,248.0,192.0,5056.0,5056.0,248.0,192.0,5056.0,5056.0,248.0,192.0,4004.0,4004.0,4004.0
2025-09-15 20:43:53,000000006600.jpg,CPU1,8.667469024658203,59.96346473693848,0.08296966552734375,34.00248098373413,235.23667216300964,0.32548999786376953,5056.0,5056.0,240.0,184.0,5056.0,5056.0,240.0,184.0,5056.0,5056.0,240.0,184.0,3923.0,3923.0,3923.0
2025-09-15 20:43:54,000000247931.jpg,CPU1,4.924535751342773,53.38478088378906,0.06222724914550781,18.75263214111328,200.03277397155762,0.2293696403503418,5056.0,5056.0,232.0,180.0,5064.0,5060.0,232.0,176.0,5064.0,5064.0,232.0,172.0,3808.0,3747.0,3686.0
2025-09-15 20:43:55,000000158517.jpg,CPU1,5.156278610229492,53.1313419342041,0.06628036499023438,19.217450380325317,198.0205113887787,0.24702692031860352,5064.0,5064.0,232.0,172.0,5064.0,5064.0,232.0,172.0,5064.0,5064.0,232.0,172.0,3727.0,3727.0,3727.0
2025-09-15 20:43:56,000000508461.jpg,CPU1,5.068063735961914,53.12609672546387,0.06556510925292969,18.888673543930054,198.00096249580383,0.24436116218566895,5064.0,5064.0,232.0,172.0,5064.0,5064.0,232.0,172.0,5064.0,5064.0,232.0,172.0,3727.0,3727.0,3727.0
2025-09-15 20:43:57,000000559858.jpg,CPU1,6.759166717529297,52.93869972229004,0.07605552673339844,25.46178102493286,199.42008185386658,0.2865011692047119,5064.0,5064.0,232.0,172.0,5064.0,5064.0,232.0,172.0,5064.0,5064.0,232.0,172.0,3767.0,3767.0,3767.0
2025-09-15 20:43:58,000000007101.jpg,CPU1,7.066965103149414,60.50848960876465,0.13828277587890625,26.91100311279297,230.41632843017578,0.526580810546875,5064.0,5064.0,240.0,176.0,5064.0,5064.0,240.0,176.0,5064.0,5064.0,240.0,176.0,3808.0,3808.0,3808.0
2025-09-15 20:43:59,000000034881.jpg,CPU1,8.239269256591797,52.961111068725586,0.08249282836914062,31.0373272895813,199.50450539588928,0.31075048446655273,5064.0,5064.0,232.0,172.0,5064.0,5064.0,232.0,172.0,5064.0,5064.0,232.0,172.0,3767.0,3767.0,3767.0
2025-09-15 20:44:00,000000366551.jpg,CPU1,6.932258605957031,52.99973487854004,0.08225440979003906,26.113818168640137,199.65000128746033,0.30985236167907715,5064.0,5060.0,240.0,176.0,5064.0,5060.0,240.0,176.0,5064.0,5060.0,240.0,176.0,3767.0,3767.0,3767.0
2025-09-15 20:44:01,000000163097.jpg,CPU1,6.056785583496094,53.12848091125488,0.0820159912109375,23.30651092529297,204.4383945465088,0.3155975341796875,5056.0,5056.0,240.0,180.0,5056.0,5056.0,240.0,180.0,5056.0,5056.0,240.0,180.0,3848.0,3848.0,3848.0
2025-09-15 20:44:02,000000020931.jpg,CPU1,7.737636566162109,52.970170974731445,0.08368492126464844,29.464920043945312,201.71041107177734,0.31867218017578125,5056.0,5056.0,240.0,180.0,5056.0,5056.0,240.0,180.0,5056.0,5056.0,240.0,180.0,3808.0,3808.0,3808.0
2025-09-15 20:44:04,000000209714.jpg,CPU1,6.4296722412109375,52.987098693847656,0.08440017700195312,24.741378784179688,203.89435577392578,0.3247718811035156,5056.0,5056.0,240.0,180.0,5056.0,5056.0,240.0,180.0,5056.0,5056.0,240.0,180.0,3848.0,3848.0,3848.0
2025-09-15 20:44:05,000000065703.jpg,CPU1,6.345272064208984,60.37402153015137,0.13971328735351562,24.416606903076172,232.31923484802246,0.5376167297363281,5056.0,5056.0,240.0,180.0,5056.0,5056.0,240.0,180.0,5056.0,5056.0,240.0,180.0,3848.0,3848.0,3848.0
2025-09-15 20:44:06,000000313784.jpg,CPU1,7.420063018798828,52.933692932128906,0.08511543273925781,28.255599975585938,201.57150268554688,0.32411956787109375,5064.0,5064.0,232.0,176.0,5064.0,5064.0,232.0,176.0,5064.0,5064.0,232.0,176.0,3808.0,3808.0,3808.0
2025-09-15 20:44:07,000000276465.jpg,CPU1,4.956483840942383,53.10416221618652,0.08487701416015625,19.07254981994629,204.34481620788574,0.32660675048828125,5056.0,5056.0,240.0,180.0,5056.0,5056.0,240.0,180.0,5056.0,5056.0,240.0,180.0,3848.0,3848.0,3848.0
2025-09-15 20:44:08,000000232450.jpg,CPU1,5.993127822875977,71.7158317565918,0.15115737915039062,23.750765562057495,284.2098412513733,0.599036693572998,5056.0,5056.0,248.0,188.0,5056.0,5056.0,248.0,188.0,5056.0,5056.0,248.0,188.0,3963.0,3963.0,3963.0
2025-09-15 20:44:09,000000189132.jpg,CPU1,9.474039077758789,52.93583869934082,0.07557868957519531,37.22349953651428,207.98491024971008,0.2969486713409424,5056.0,5056.0,240.0,184.0,5056.0,5056.0,240.0,184.0,5056.0,5056.0,240.0,184.0,3929.0,3929.0,3929.0
2025-09-15 20:44:10,000000147514.jpg,CPU1,7.033586502075195,53.45892906188965,0.08130073547363281,28.162480354309082,214.04955196380615,0.3255281448364258,5056.0,5056.0,248.0,192.0,5056.0,5056.0,248.0,192.0,5056.0,5056.0,248.0,192.0,4004.0,4004.0,4004.0
2025-09-15 20:44:11,000000002746.jpg,CPU1,8.795976638793945,54.40187454223633,0.08106231689453125,33.44230318069458,203.6806182861328,0.2987957000732422,5056.0,5056.0,232.0,176.0,5064.0,5060.0,232.0,174.0,5064.0,5064.0,232.0,172.0,3802.0,3744.0,3686.0
2025-09-15 20:44:12,000000459300.jpg,CPU1,9.682655334472656,52.954673767089844,0.0858306884765625,36.08725643157959,197.36206912994385,0.31989097595214844,5064.0,5064.0,232.0,172.0,5064.0,5064.0,232.0,172.0,5064.0,5064.0,232.0,172.0,3727.0,3727.0,3727.0
2025-09-15 20:44:13,000000480434.jpg,CPU1,5.51295280456543,53.133249282836914,0.08368492126464844,20.767293214797974,200.15295004844666,0.31524109840393066,5064.0,5064.0,232.0,172.0,5064.0,5064.0,232.0,172.0,5064.0,5064.0,232.0,172.0,3767.0,3767.0,3767.0
2025-09-15 20:44:14,000000148254.jpg,CPU1,9.067296981811523,60.218095779418945,0.14281272888183594,33.79381585121155,224.4328429698944,0.5322630405426025,5064.0,5064.0,232.0,172.0,5064.0,5064.0,232.0,172.0,5064.0,5064.0,232.0,172.0,3727.0,3727.0,3727.0
2025-09-15 20:44:15,000000505734.jpg,CPU1,7.147312164306641,53.015708923339844,0.08177757263183594,26.923924922943115,199.7101755142212,0.308056116104126,5064.0,5064.0,232.0,172.0,5064.0,5064.0,232.0,172.0,5064.0,5064.0,232.0,172.0,3767.0,3767.0,3767.0
2025-09-15 20:44:16,000000238613.jpg,CPU1,7.192850112915039,52.95419692993164,0.08678436279296875,27.39037322998047,201.6495819091797,0.330474853515625,5064.0,5064.0,240.0,176.0,5064.0,5064.0,240.0,176.0,5064.0,5064.0,240.0,176.0,3808.0,3808.0,3808.0
2025-09-15 20:44:17,000000180635.jpg,CPU1,6.736278533935547,52.970170974731445,0.07677078247070312,25.375561237335205,199.53863406181335,0.28919553756713867,5064.0,5060.0,232.0,172.0,5064.0,5060.0,232.0,172.0,5064.0,5060.0,232.0,172.0,3767.0,3767.0,3767.0
2025-09-15 20:44:18,000000521725.jpg,CPU1,6.478309631347656,70.96028327941895,0.14543533325195312,24.669403076171875,270.21675872802734,0.5538177490234375,5056.0,5056.0,240.0,176.0,5056.0,5056.0,240.0,176.0,5056.0,5056.0,240.0,176.0,3808.0,3808.0,3808.0
2025-09-15 20:44:20,000000498025.jpg,CPU1,7.94219970703125,52.97398567199707,0.08368492126464844,30.243896484375,201.72493743896484,0.31867218017578125,5064.0,5064.0,232.0,176.0,5064.0,5064.0,232.0,176.0,5064.0,5064.0,232.0,176.0,3808.0,3808.0,3808.0
2025-09-15 20:44:21,000000372370.jpg,CPU1,6.211042404174805,53.03668975830078,0.0858306884765625,23.651649475097656,201.96371459960938,0.32684326171875,5056.0,5056.0,240.0,180.0,5056.0,5056.0,240.0,180.0,5056.0,5056.0,240.0,180.0,3808.0,3808.0,3808.0
2025-09-15 20:44:22,000000433562.jpg,CPU1,6.187915802001953,53.01403999328613,0.08153915405273438,23.811100006103516,203.99802589416504,0.3137626647949219,5056.0,5056.0,240.0,180.0,5056.0,5056.0,240.0,180.0,5056.0,5056.0,240.0,180.0,3848.0,3848.0,3848.0
2025-09-15 20:44:23,000000428443.jpg,CPU1,7.913112640380859,60.48250198364258,0.14019012451171875,30.774095058441162,235.216450214386,0.5451993942260742,5056.0,5056.0,240.0,184.0,5056.0,5056.0,240.0,184.0,5056.0,5056.0,240.0,184.0,3889.0,3889.0,3889.0
2025-09-15 20:44:24,000000227271.jpg,CPU1,8.20159912109375,52.93750762939453,0.08320808410644531,31.55975341796875,203.70352935791016,0.32018470764160156,5064.0,5064.0,240.0,184.0,5064.0,5064.0,240.0,184.0,5064.0,5064.0,240.0,184.0,3848.0,3848.0,3848.0
2025-09-15 20:44:25,000000091554.jpg,CPU1,5.845069885253906,53.057193756103516,0.08606910705566406,22.930209159851074,208.1433711051941,0.3376491069793701,5056.0,5056.0,240.0,184.0,5056.0,5056.0,240.0,184.0,5056.0,5056.0,240.0,184.0,3923.0,3923.0,3923.0
2025-09-15 20:44:26,000000551239.jpg,CPU1,10.050535202026367,52.97207832336426,0.08463859558105469,40.242342948913574,212.1002016067505,0.33889293670654297,5056.0,5056.0,248.0,192.0,5056.0,5056.0,248.0,192.0,5056.0,5056.0,248.0,192.0,4004.0,4004.0,4004.0
2025-09-15 20:44:27,000000287791.jpg,CPU1,7.481098175048828,53.49278450012207,0.06890296936035156,29.348348140716553,205.67975640296936,0.25955748558044434,5056.0,5056.0,240.0,188.0,5056.0,5056.0,240.0,182.0,5056.0,5056.0,232.0,176.0,3923.0,3845.0,3767.0
2025-09-15 20:44:28,000000255620.jpg,CPU1,7.225275039672852,71.95568084716797,0.14901161193847656,26.928600072860718,268.178822517395,0.5553662776947021,5064.0,5064.0,232.0,172.0,5064.0,5064.0,232.0,172.0,5064.0,5064.0,232.0,172.0,3727.0,3727.0,3727.0
2025-09-15 20:44:29,000000245155.jpg,CPU1,7.580041885375977,52.880287170410156,0.07915496826171875,27.94003438949585,194.91673851013184,0.2917652130126953,5064.0,5064.0,232.0,168.0,5064.0,5064.0,232.0,168.0,5064.0,5064.0,232.0,168.0,3686.0,3686.0,3686.0
2025-09-15 20:44:30,000000574809.jpg,CPU1,4.982709884643555,53.021907806396484,0.08153915405273438,18.57055974006653,197.6126503944397,0.303896427154541,5064.0,5064.0,232.0,172.0,5064.0,5064.0,232.0,172.0,5064.0,5064.0,232.0,172.0,3727.0,3727.0,3727.0
2025-09-15 20:44:31,000000489561.jpg,CPU1,7.874488830566406,52.904367446899414,0.08463859558105469,29.663199424743652,199.2907521724701,0.318833589553833,5064.0,5064.0,232.0,172.0,5064.0,5064.0,232.0,172.0,5064.0,5064.0,232.0,172.0,3767.0,3767.0,3767.0
2025-09-15 20:44:32,000000298506.jpg,CPU1,7.293939590454102,60.291290283203125,0.1652240753173828,27.4762704372406,227.11729049682617,0.622399091720581,5064.0,5064.0,232.0,172.0,5064.0,5064.0,232.0,172.0,5064.0,5064.0,232.0,172.0,3767.0,3767.0,3767.0
2025-09-15 20:44:33,000000045913.jpg,CPU1,7.287740707397461,52.91938781738281,0.07510185241699219,27.452919244766235,199.34733390808105,0.28290867805480957,5064.0,5064.0,232.0,172.0,5064.0,5064.0,232.0,172.0,5064.0,5064.0,232.0,172.0,3767.0,3767.0,3767.0
2025-09-15 20:44:34,000000336865.jpg,CPU1,8.403778076171875,52.89053916931152,0.07915496826171875,31.657032012939453,199.2386610507965,0.29817676544189453,5056.0,5056.0,232.0,176.0,5056.0,5056.0,232.0,176.0,5056.0,5056.0,232.0,176.0,3767.0,3767.0,3767.0
2025-09-15 20:44:36,000000523350.jpg,CPU1,6.329536437988281,53.08675765991211,0.08273124694824219,24.102874755859375,202.1543731689453,0.31504058837890625,5056.0,5056.0,240.0,180.0,5056.0,5056.0,240.0,180.0,5056.0,5056.0,240.0,180.0,3808.0,3808.0,3808.0
2025-09-15 20:44:37,000000161813.jpg,CPU1,8.910655975341797,52.92677879333496,0.08058547973632812,33.93177795410156,201.54517364501953,0.3068695068359375,5056.0,5056.0,240.0,180.0,5056.0,5056.0,240.0,180.0,5056.0,5056.0,240.0,180.0,3808.0,3808.0,3808.0
2025-09-15 20:44:38,000000326942.jpg,CPU1,6.907939910888672,52.89125442504883,0.07987022399902344,26.58175277709961,203.5255470275879,0.3073406219482422,5056.0,5056.0,240.0,180.0,5056.0,5056.0,240.0,180.0,5056.0,5056.0,240.0,180.0,3848.0,3848.0,3848.0
2025-09-15 20:44:39,000000426949.jpg,CPU1,7.946968078613281,60.26101112365723,0.14281272888183594,30.579933166503906,231.884370803833,0.5495433807373047,5056.0,5056.0,240.0,180.0,5056.0,5056.0,240.0,180.0,5056.0,5056.0,240.0,180.0,3848.0,3848.0,3848.0
2025-09-15 20:44:40,000000288388.jpg,CPU1,8.32366943359375,52.924394607543945,0.08130073547363281,32.02947998046875,203.6530704498291,0.31284523010253906,5064.0,5060.0,240.0,184.0,5064.0,5060.0,240.0,184.0,5064.0,5060.0,240.0,184.0,3848.0,3848.0,3848.0
2025-09-15 20:44:41,000000155480.jpg,CPU1,4.980325698852539,53.121328353881836,0.08130073547363281,19.53781771659851,208.39497113227844,0.3189427852630615,5056.0,5056.0,240.0,184.0,5056.0,5056.0,240.0,184.0,5056.0,5056.0,240.0,184.0,3923.0,3923.0,3923.0
2025-09-15 20:44:42,000000488147.jpg,CPU1,7.597208023071289,52.86741256713867,0.07915496826171875,30.10773539543152,209.51355600357056,0.3136911392211914,5056.0,5056.0,248.0,192.0,5056.0,5056.0,248.0,192.0,5056.0,5056.0,248.0,192.0,3963.0,3963.0,3963.0
2025-09-15 20:44:43,000000570764.jpg,CPU1,8.602380752563477,52.92868614196777,0.08535385131835938,34.44393253326416,211.92645931243896,0.34175682067871094,5056.0,5056.0,248.0,192.0,5056.0,5056.0,248.0,192.0,5056.0,5056.0,248.0,192.0,4004.0,4004.0,4004.0
2025-09-15 20:44:44,000000181225.jpg,CPU1,7.718086242675781,53.31993103027344,0.0782012939453125,29.96932888031006,202.88233757019043,0.2914562225341797,5056.0,5056.0,240.0,184.0,5064.0,5060.0,240.0,178.0,5064.0,5064.0,232.0,172.0,3883.0,3805.0,3727.0
2025-09-15 20:44:45,000000210330.jpg,CPU1,8.385419845581055,52.87909507751465,0.08153915405273438,31.25245976448059,197.0803873538971,0.303896427154541,5064.0,5064.0,232.0,172.0,5064.0,5064.0,232.0,172.0,5064.0,5064.0,232.0,172.0,3727.0,3727.0,3727.0
2025-09-15 20:44:46,000000207101.jpg,CPU1,11.33871078491211,52.96206474304199,0.07486343383789062,42.25937509536743,197.3896152973175,0.27901601791381836,5064.0,5064.0,232.0,172.0,5064.0,5064.0,232.0,172.0,5064.0,5064.0,232.0,172.0,3727.0,3727.0,3727.0
2025-09-15 20:44:47,000000351163.jpg,CPU1,8.90350341796875,53.0552864074707,0.08296966552734375,33.18335723876953,197.7370524406433,0.30922794342041016,5064.0,5064.0,232.0,172.0,5064.0,5064.0,232.0,172.0,5064.0,5064.0,232.0,172.0,3727.0,3727.0,3727.0
2025-09-15 20:44:48,000000213345.jpg,CPU1,6.434440612792969,52.92105674743652,0.08893013000488281,24.238537788391113,199.35362076759338,0.33499979972839355,5064.0,5064.0,232.0,172.0,5064.0,5064.0,232.0,172.0,5064.0,5064.0,232.0,172.0,3767.0,3767.0,3767.0
2025-09-15 20:44:49,000000266337.jpg,CPU1,8.682489395141602,52.95252799987793,0.0820159912109375,32.70693755149841,199.47217297554016,0.30895423889160156,5064.0,5064.0,232.0,172.0,5064.0,5064.0,232.0,172.0,5064.0,5064.0,232.0,172.0,3767.0,3767.0,3767.0
2025-09-15 20:44:50,000000107236.jpg,CPU1,7.272005081176758,52.913665771484375,0.07772445678710938,27.393643140792847,199.32577896118164,0.292788028717041,5064.0,5060.0,232.0,172.0,5064.0,5060.0,232.0,172.0,5064.0,5060.0,232.0,172.0,3767.0,3767.0,3767.0
2025-09-15 20:44:51,000000575118.jpg,CPU1,8.774518966674805,60.286521911621094,0.1342296600341797,33.413368225097656,229.57107543945312,0.5111465454101562,5056.0,5056.0,240.0,180.0,5056.0,5056.0,240.0,180.0,5056.0,5056.0,240.0,180.0,3808.0,3808.0,3808.0
2025-09-15 20:44:53,000000193525.jpg,CPU1,5.752325057983398,52.98972129821777,0.07867813110351562,21.669008493423462,199.61228013038635,0.29638051986694336,5064.0,5064.0,232.0,172.0,5064.0,5064.0,232.0,172.0,5064.0,5064.0,232.0,172.0,3767.0,3767.0,3767.0
2025-09-15 20:44:54,000000417432.jpg,CPU1,7.184028625488281,52.88577079772949,0.0743865966796875,27.356781005859375,201.3890151977539,0.28326416015625,5056.0,5056.0,240.0,180.0,5056.0,5056.0,240.0,180.0,5056.0,5056.0,240.0,180.0,3808.0,3808.0,3808.0
2025-09-15 20:44:55,000000363984.jpg,CPU1,8.950471878051758,52.886962890625,0.07462501525878906,34.441415786743164,203.509033203125,0.2871570587158203,5056.0,5056.0,240.0,180.0,5056.0,5056.0,240.0,180.0,5056.0,5056.0,240.0,180.0,3848.0,3848.0,3848.0
2025-09-15 20:44:56,000000223372.jpg,CPU1,7.491111755371094,52.8717041015625,0.08368492126464844,28.82579803466797,203.4503173828125,0.3220195770263672,5056.0,5056.0,240.0,180.0,5056.0,5056.0,240.0,180.0,5056.0,5056.0,240.0,180.0,3848.0,3848.0,3848.0
2025-09-15 20:44:57,000000521546.jpg,CPU1,6.90007209777832,52.9325008392334,0.07915496826171875,26.834380388259888,205.8544957637787,0.3078336715698242,5056.0,5056.0,240.0,184.0,5056.0,5056.0,240.0,184.0,5056.0,5056.0,240.0,184.0,3889.0,3889.0,3889.0
2025-09-15 20:44:58,000000530718.jpg,CPU1,8.160829544067383,60.2564811706543,0.14090538024902344,32.01493430137634,236.3861756324768,0.552771806716919,5056.0,5056.0,240.0,184.0,5056.0,5056.0,240.0,184.0,5056.0,5056.0,240.0,184.0,3923.0,3923.0,3923.0
2025-09-15 20:44:59,000000289017.jpg,CPU1,7.803916931152344,52.91485786437988,0.07915496826171875,30.66158962249756,207.90247654914856,0.31099987030029297,5064.0,5064.0,240.0,188.0,5064.0,5064.0,240.0,188.0,5064.0,5064.0,240.0,188.0,3929.0,3929.0,3929.0
2025-09-15 20:45:00,000000216247.jpg,CPU1,6.121635437011719,54.18539047241211,0.09036064147949219,24.511028289794922,216.9583034515381,0.3618040084838867,5056.0,5056.0,248.0,192.0,5056.0,5056.0,248.0,192.0,5056.0,5056.0,248.0,192.0,4004.0,4004.0,4004.0
2025-09-15 20:45:01,000000087010.jpg,CPU1,8.797883987426758,55.060625076293945,0.09322166442871094,33.8014702796936,208.37693560123444,0.34743714332580566,5056.0,5056.0,240.0,180.0,5064.0,5060.0,240.0,176.0,5064.0,5064.0,232.0,172.0,3842.0,3784.5,3727.0
2025-09-15 20:45:02,000000377676.jpg,CPU1,6.414175033569336,52.95610427856445,0.08273124694824219,23.905630350112915,197.36740064620972,0.30833935737609863,5064.0,5064.0,232.0,172.0,5064.0,5064.0,232.0,172.0,5064.0,5064.0,232.0,172.0,3727.0,3727.0,3727.0
2025-09-15 20:45:03,000000482008.jpg,CPU1,8.404970169067383,52.961111068725586,0.08177757263183594,31.325323820114136,197.38606095314026,0.30478501319885254,5064.0,5064.0,232.0,172.0,5064.0,5064.0,232.0,172.0,5064.0,5064.0,232.0,172.0,3727.0,3727.0,3727.0
2025-09-15 20:45:04,000000528765.jpg,CPU1,7.297754287719727,52.930355072021484,0.08630752563476562,27.19873023033142,197.27143335342407,0.3216681480407715,5064.0,5064.0,232.0,172.0,5064.0,5064.0,232.0,172.0,5064.0,5064.0,232.0,172.0,3727.0,3727.0,3727.0
2025-09-15 20:45:05,000000258563.jpg,CPU1,7.302284240722656,52.95753479003906,0.08440017700195312,27.21561336517334,197.3727321624756,0.3145594596862793,5064.0,5064.0,232.0,172.0,5064.0,5064.0,232.0,172.0,5064.0,5064.0,232.0,172.0,3727.0,3727.0,3727.0
2025-09-15 20:45:06,000000331674.jpg,CPU1,3.509521484375,60.70971488952637,0.148773193359375,13.220367431640625,228.69349598884583,0.5604286193847656,5064.0,5060.0,240.0,176.0,5064.0,5060.0,240.0,176.0,5064.0,5060.0,240.0,176.0,3767.0,3767.0,3767.0
2025-09-15 20:45:07,000000317181.jpg,CPU1,6.789207458496094,52.9935359954834,0.08225440979003906,25.30337619781494,197.50690865516663,0.3065621852874756,5064.0,5064.0,232.0,172.0,5064.0,5064.0,232.0,172.0,5064.0,5064.0,232.0,172.0,3727.0,3727.0,3727.0
2025-09-15 20:45:08,000000362443.jpg,CPU1,6.202936172485352,52.97708511352539,0.08058547973632812,23.62078094482422,201.7367401123047,0.3068695068359375,5056.0,5056.0,240.0,180.0,5056.0,5056.0,240.0,180.0,5056.0,5056.0,240.0,180.0,3808.0,3808.0,3808.0
2025-09-15 20:45:10,000000099374.jpg,CPU1,7.365703582763672,60.42075157165527,0.13947486877441406,28.34322738647461,232.4990520477295,0.5366992950439453,5056.0,5056.0,240.0,180.0,5056.0,5056.0,240.0,180.0,5056.0,5056.0,240.0,180.0,3848.0,3848.0,3848.0
2025-09-15 20:45:11,000000234194.jpg,CPU1,5.7373046875,53.19023132324219,0.08893013000488281,21.6124267578125,200.36760139465332,0.33499979972839355,5064.0,5064.0,232.0,176.0,5064.0,5064.0,232.0,176.0,5064.0,5064.0,232.0,176.0,3767.0,3767.0,3767.0
2025-09-15 20:45:12,000000539374.jpg,CPU1,8.982181549072266,52.97589302062988,0.08320808410644531,34.56343460083008,203.8512363433838,0.32018470764160156,5056.0,5056.0,240.0,180.0,5056.0,5056.0,240.0,180.0,5056.0,5056.0,240.0,180.0,3848.0,3848.0,3848.0
2025-09-15 20:45:13,000000007334.jpg,CPU1,8.044719696044922,52.94656753540039,0.08487701416015625,31.2859148979187,205.90920114517212,0.33008670806884766,5056.0,5056.0,240.0,184.0,5056.0,5056.0,240.0,184.0,5056.0,5056.0,240.0,184.0,3889.0,3889.0,3889.0
2025-09-15 20:45:14,000000488534.jpg,CPU1,6.53529167175293,52.973270416259766,0.08440017700195312,25.376537561416626,205.69520902633667,0.327725887298584,5056.0,5056.0,240.0,184.0,5056.0,5056.0,240.0,184.0,5056.0,5056.0,240.0,184.0,3883.0,3883.0,3883.0
2025-09-15 20:45:15,000000178884.jpg,CPU1,7.582664489746094,52.99258232116699,0.08320808410644531,29.746792793273926,207.8899004459381,0.32642531394958496,5056.0,5056.0,240.0,184.0,5056.0,5056.0,240.0,184.0,5056.0,5056.0,240.0,184.0,3923.0,3923.0,3923.0
2025-09-15 20:45:16,000000400910.jpg,CPU1,9.54127311706543,52.91414260864258,0.08177757263183594,38.20325756072998,211.86822700500488,0.3274374008178711,5056.0,5056.0,248.0,192.0,5056.0,5056.0,248.0,192.0,5056.0,5056.0,248.0,192.0,4004.0,4004.0,4004.0
2025-09-15 20:45:17,000000211769.jpg,CPU1,8.14962387084961,53.49135398864746,0.08416175842285156,32.631093978881836,214.17938137054443,0.33698368072509766,5056.0,5056.0,248.0,192.0,5056.0,5056.0,248.0,192.0,5056.0,5056.0,248.0,192.0,4004.0,4004.0,4004.0
2025-09-15 20:45:18,000000460556.jpg,CPU1,6.409168243408203,53.360700607299805,0.08821487426757812,24.624024391174316,201.9435714483261,0.32877683639526367,5056.0,5056.0,240.0,180.0,5064.0,5060.0,240.0,176.0,5064.0,5064.0,232.0,172.0,3842.0,3784.5,3727.0
2025-09-15 20:45:19,000000268975.jpg,CPU1,8.296966552734375,52.95419692993164,0.08416175842285156,30.922794342041016,197.36029195785522,0.3136708736419678,5064.0,5064.0,232.0,172.0,5064.0,5064.0,232.0,172.0,5064.0,5064.0,232.0,172.0,3727.0,3727.0,3727.0
2025-09-15 20:45:20,000000140227.jpg,CPU1,8.967161178588867,52.9327392578125,0.08463859558105469,33.42060971260071,197.2803192138672,0.3154480457305908,5064.0,5064.0,232.0,172.0,5064.0,5064.0,232.0,172.0,5064.0,5064.0,232.0,172.0,3727.0,3727.0,3727.0
2025-09-15 20:45:21,000000177848.jpg,CPU1,8.594274520874023,52.922964096069336,0.08320808410644531,32.374632120132446,199.3608057498932,0.3134448528289795,5064.0,5064.0,232.0,172.0,5064.0,5064.0,232.0,172.0,5064.0,5064.0,232.0,172.0,3767.0,3767.0,3767.0
2025-09-15 20:45:22,000000262838.jpg,CPU1,7.12895393371582,52.93154716491699,0.08392333984375,26.569611310958862,197.27587628364563,0.31278228759765625,5064.0,5064.0,232.0,172.0,5064.0,5064.0,232.0,172.0,5064.0,5064.0,232.0,172.0,3727.0,3727.0,3727.0
2025-09-15 20:45:23,000000366676.jpg,CPU1,8.063793182373047,60.40000915527344,0.1392364501953125,30.376308917999268,227.52683448791504,0.5245037078857422,5064.0,5064.0,232.0,172.0,5064.0,5064.0,232.0,172.0,5064.0,5064.0,232.0,172.0,3767.0,3767.0,3767.0
2025-09-15 20:45:24,000000073065.jpg,CPU1,6.530046463012695,53.15208435058594,0.07963180541992188,24.598685026168823,200.22390174865723,0.2999730110168457,5064.0,5064.0,232.0,172.0,5064.0,5064.0,232.0,172.0,5064.0,5064.0,232.0,172.0,3767.0,3767.0,3767.0
2025-09-15 20:45:26,000000420365.jpg,CPU1,5.979776382446289,53.067922592163086,0.09655952453613281,22.52581763267517,199.90686440467834,0.3637397289276123,5056.0,5056.0,232.0,172.0,5056.0,5056.0,232.0,172.0,5056.0,5056.0,232.0,172.0,3767.0,3767.0,3767.0
2025-09-15 20:45:27,000000071094.jpg,CPU1,6.811380386352539,52.97040939331055,0.08726119995117188,25.93773651123047,201.71131896972656,0.3322906494140625,5056.0,5056.0,232.0,176.0,5056.0,5056.0,232.0,176.0,5056.0,5056.0,232.0,176.0,3808.0,3808.0,3808.0
2025-09-15 20:45:28,000000109289.jpg,CPU1,6.605625152587891,52.98566818237305,0.07843971252441406,25.418445587158203,203.88885116577148,0.3018360137939453,5056.0,5056.0,240.0,180.0,5056.0,5056.0,240.0,180.0,5056.0,5056.0,240.0,180.0,3848.0,3848.0,3848.0
2025-09-15 20:45:29,000000498871.jpg,CPU1,6.579399108886719,60.04595756530762,0.14591217041015625,25.317527770996094,231.0568447113037,0.5614700317382812,5056.0,5056.0,240.0,180.0,5056.0,5056.0,240.0,180.0,5056.0,5056.0,240.0,180.0,3848.0,3848.0,3848.0
2025-09-15 20:45:30,000000054170.jpg,CPU1,6.148576736450195,53.07316780090332,0.08296966552734375,23.65972328186035,204.22554969787598,0.31926727294921875,5064.0,5064.0,240.0,180.0,5064.0,5064.0,240.0,180.0,5064.0,5064.0,240.0,180.0,3848.0,3848.0,3848.0
2025-09-15 20:45:31,000000304370.jpg,CPU1,8.096456527709961,52.97231674194336,0.08511543273925781,31.810977697372437,208.12823247909546,0.33441853523254395,5056.0,5056.0,240.0,184.0,5056.0,5056.0,240.0,184.0,5056.0,5056.0,240.0,184.0,3929.0,3929.0,3929.0
2025-09-15 20:45:32,000000276687.jpg,CPU1,9.26065444946289,70.62077522277832,0.1430511474609375,36.32954740524292,277.04530119895935,0.5611896514892578,5056.0,5056.0,240.0,184.0,5056.0,5056.0,240.0,184.0,5056.0,5056.0,240.0,184.0,3923.0,3923.0,3923.0
2025-09-15 20:45:33,000000031229.jpg,CPU1,6.241559982299805,53.00021171569824,0.08130073547363281,24.523089170455933,208.2378318309784,0.3194305896759033,5056.0,5056.0,240.0,184.0,5056.0,5056.0,240.0,184.0,5056.0,5056.0,240.0,184.0,3929.0,3929.0,3929.0
2025-09-15 20:45:34,000000322537.jpg,CPU1,5.18488883972168,53.575992584228516,0.08797645568847656,20.547714471817017,212.3216586112976,0.3486506938934326,5056.0,5056.0,240.0,188.0,5056.0,5056.0,240.0,188.0,5056.0,5056.0,240.0,188.0,3963.0,3963.0,3963.0
2025-09-15 20:45:35,000000157884.jpg,CPU1,6.363868713378906,53.34281921386719,0.08440017700195312,24.1954288482666,200.80904293060303,0.3145594596862793,5056.0,5056.0,232.0,176.0,5064.0,5060.0,232.0,174.0,5064.0,5064.0,232.0,172.0,3802.0,3764.5,3727.0
2025-09-15 20:45:36,000000069104.jpg,CPU1,7.169485092163086,53.02119255065918,0.08392333984375,27.007450342178345,199.73083233833313,0.31613922119140625,5064.0,5064.0,232.0,172.0,5064.0,5064.0,232.0,172.0,5064.0,5064.0,232.0,172.0,3767.0,3767.0,3767.0
2025-09-15 20:45:37,000000488739.jpg,CPU1,6.045103073120117,53.07626724243164,0.07843971252441406,22.530099153518677,197.81524801254272,0.2923448085784912,5064.0,5064.0,232.0,172.0,5064.0,5064.0,232.0,172.0,5064.0,5064.0,232.0,172.0,3727.0,3727.0,3727.0
2025-09-15 20:45:38,000000404716.jpg,CPU1,8.917093276977539,59.57937240600586,0.14448165893554688,33.23400664329529,222.05232095718384,0.5384831428527832,5064.0,5064.0,232.0,172.0,5064.0,5064.0,232.0,172.0,5064.0,5064.0,232.0,172.0,3727.0,3727.0,3727.0
2025-09-15 20:45:39,000000032733.jpg,CPU1,7.017374038696289,52.97231674194336,0.08392333984375,26.43444800376892,199.54671716690063,0.31613922119140625,5064.0,5064.0,232.0,172.0,5064.0,5064.0,232.0,172.0,5064.0,5064.0,232.0,172.0,3767.0,3767.0,3767.0
2025-09-15 20:45:40,000000435350.jpg,CPU1,8.277416229248047,52.953481674194336,0.08368492126464844,31.181026935577393,199.47576546669006,0.31524109840393066,5064.0,5064.0,232.0,172.0,5064.0,5064.0,232.0,172.0,5064.0,5064.0,232.0,172.0,3767.0,3767.0,3767.0
2025-09-15 20:45:41,000000259229.jpg,CPU1,4.445075988769531,53.186893463134766,0.08106231689453125,16.744601249694824,200.35502767562866,0.3053617477416992,5064.0,5060.0,232.0,172.0,5064.0,5060.0,232.0,172.0,5064.0,5060.0,232.0,172.0,3767.0,3767.0,3767.0
2025-09-15 20:45:43,000000349258.jpg,CPU1,4.131317138671875,53.21025848388672,0.08487701416015625,15.7320556640625,202.62466430664062,0.323211669921875,5056.0,5056.0,240.0,180.0,5056.0,5056.0,240.0,180.0,5056.0,5056.0,240.0,180.0,3808.0,3808.0,3808.0
2025-09-15 20:45:44,000000171600.jpg,CPU1,6.94584846496582,60.3787899017334,0.13875961303710938,26.165011167526245,227.4469015598297,0.522707462310791,5056.0,5056.0,232.0,176.0,5056.0,5056.0,232.0,176.0,5056.0,5056.0,232.0,176.0,3767.0,3767.0,3767.0
2025-09-15 20:45:45,000000195336.jpg,CPU1,6.863117218017578,52.924156188964844,0.07963180541992188,26.134750366210938,201.53518676757812,0.3032379150390625,5064.0,5064.0,232.0,176.0,5064.0,5064.0,232.0,176.0,5064.0,5064.0,232.0,176.0,3808.0,3808.0,3808.0
2025-09-15 20:45:46,000000545684.jpg,CPU1,6.892919540405273,52.910804748535156,0.08177757263183594,26.523954391479492,203.60077667236328,0.3146800994873047,5056.0,5056.0,240.0,180.0,5056.0,5056.0,240.0,180.0,5056.0,5056.0,240.0,180.0,3848.0,3848.0,3848.0
2025-09-15 20:45:47,000000226110.jpg,CPU1,8.657455444335938,52.93679237365723,0.07891654968261719,33.66884422302246,205.87118554115295,0.30690646171569824,5056.0,5056.0,240.0,184.0,5056.0,5056.0,240.0,184.0,5056.0,5056.0,240.0,184.0,3889.0,3889.0,3889.0
2025-09-15 20:45:48,000000293035.jpg,CPU1,7.196664810180664,53.01260948181152,0.08344650268554688,28.232516050338745,207.9684669971466,0.3273606300354004,5056.0,5056.0,240.0,184.0,5056.0,5056.0,240.0,184.0,5056.0,5056.0,240.0,184.0,3923.0,3923.0,3923.0
2025-09-15 20:45:49,000000312244.jpg,CPU1,7.335424423217773,52.958011627197266,0.087738037109375,28.776870012283325,207.75427961349487,0.3441963195800781,5056.0,5056.0,240.0,184.0,5056.0,5056.0,240.0,184.0,5056.0,5056.0,240.0,184.0,3923.0,3923.0,3923.0
2025-09-15 20:45:50,000000132006.jpg,CPU1,6.554603576660156,60.57906150817871,0.14162063598632812,25.9758939743042,240.07482075691223,0.5612425804138184,5056.0,5056.0,240.0,188.0,5056.0,5056.0,240.0,188.0,5056.0,5056.0,240.0,188.0,3963.0,3963.0,3963.0
2025-09-15 20:45:51,000000040490.jpg,CPU1,7.67970085144043,53.59935760498047,0.06222724914550781,29.86635661125183,208.44790172576904,0.24200177192687988,5056.0,5056.0,232.0,184.0,5056.0,5056.0,232.0,184.0,5056.0,5056.0,232.0,184.0,3889.0,3889.0,3889.0
2025-09-15 20:45:52,000000209999.jpg,CPU1,8.968591690063477,72.66068458557129,0.08511543273925781,34.09858560562134,267.82728338241577,0.3137354850769043,5056.0,5056.0,232.0,176.0,5064.0,5064.0,232.0,172.0,5064.0,5064.0,232.0,172.0,3802.0,3686.0,3686.0
2025-09-15 20:45:53,000000378345.jpg,CPU1,3.1151771545410156,53.4517765045166,0.08511543273925781,11.610265254974365,199.21477103233337,0.31722521781921387,5064.0,5064.0,232.0,172.0,5064.0,5064.0,232.0,172.0,5064.0,5064.0,232.0,172.0,3727.0,3727.0,3727.0
2025-09-15 20:45:54,000000356301.jpg,CPU1,6.525516510009766,53.04765701293945,0.08654594421386719,24.581620693206787,199.83052396774292,0.3260185718536377,5064.0,5064.0,232.0,172.0,5064.0,5064.0,232.0,172.0,5064.0,5064.0,232.0,172.0,3767.0,3767.0,3767.0
2025-09-15 20:45:55,000000457280.jpg,CPU1,9.458541870117188,52.94322967529297,0.08368492126464844,35.25198554992676,197.3194169998169,0.3118937015533447,5064.0,5064.0,232.0,172.0,5064.0,5064.0,232.0,172.0,5064.0,5064.0,232.0,172.0,3727.0,3727.0,3727.0
2025-09-15 20:45:56,000000247118.jpg,CPU1,4.796266555786133,53.10988426208496,0.08392333984375,17.875685453414917,197.94053864479065,0.31278228759765625,5064.0,5064.0,232.0,172.0,5064.0,5064.0,232.0,172.0,5064.0,5064.0,232.0,172.0,3727.0,3727.0,3727.0
2025-09-15 20:45:57,000000041202.jpg,CPU1,7.604360580444336,60.40191650390625,0.1354217529296875,28.95740509033203,230.010498046875,0.51568603515625,5056.0,5056.0,240.0,176.0,5056.0,5056.0,240.0,176.0,5056.0,5056.0,240.0,176.0,3808.0,3808.0,3808.0
2025-09-15 20:45:59,000000137346.jpg,CPU1,5.860090255737305,53.23457717895508,0.08678436279296875,21.840556383132935,198.40526914596558,0.32344532012939453,5064.0,5064.0,232.0,172.0,5064.0,5064.0,232.0,172.0,5064.0,5064.0,232.0,172.0,3727.0,3727.0,3727.0
2025-09-15 20:46:00,000000045825.jpg,CPU1,8.159399032592773,53.00307273864746,0.08559226989746094,30.736456155776978,199.66257500648499,0.32242608070373535,5064.0,5060.0,232.0,176.0,5064.0,5060.0,232.0,176.0,5064.0,5060.0,232.0,176.0,3767.0,3767.0,3767.0
2025-09-15 20:46:01,000000202610.jpg,CPU1,7.396936416625977,52.96802520751953,0.08249282836914062,28.463411331176758,203.82096099853516,0.3174324035644531,5056.0,5056.0,240.0,180.0,5056.0,5056.0,240.0,180.0,5056.0,5056.0,240.0,180.0,3848.0,3848.0,3848.0
2025-09-15 20:46:02,000000523301.jpg,CPU1,9.325742721557617,54.1532039642334,0.08463859558105469,35.88545799255371,208.38152885437012,0.32568931579589844,5056.0,5056.0,240.0,180.0,5056.0,5056.0,240.0,180.0,5056.0,5056.0,240.0,180.0,3848.0,3848.0,3848.0
2025-09-15 20:46:03,000000268160.jpg,CPU1,7.967710494995117,52.94632911682129,0.07987022399902344,30.65974998474121,203.73747444152832,0.3073406219482422,5056.0,5056.0,240.0,180.0,5056.0,5056.0,240.0,180.0,5056.0,5056.0,240.0,180.0,3848.0,3848.0,3848.0
2025-09-15 20:46:04,000000394235.jpg,CPU1,6.173372268676758,53.017616271972656,0.08654594421386719,24.25517964363098,208.30621433258057,0.3400390148162842,5056.0,5056.0,240.0,184.0,5056.0,5056.0,240.0,184.0,5056.0,5056.0,240.0,184.0,3929.0,3929.0,3929.0
2025-09-15 20:46:05,000000574767.jpg,CPU1,8.802652359008789,60.193777084350586,0.13899803161621094,34.53280520439148,236.14018750190735,0.5452892780303955,5056.0,5056.0,240.0,184.0,5056.0,5056.0,240.0,184.0,5056.0,5056.0,240.0,184.0,3923.0,3923.0,3923.0
2025-09-15 20:46:06,000000580153.jpg,CPU1,8.190393447875977,52.92797088623047,0.08296966552734375,31.852440118789673,205.8368787765503,0.32266902923583984,5064.0,5060.0,240.0,184.0,5064.0,5060.0,240.0,184.0,5064.0,5060.0,240.0,184.0,3889.0,3889.0,3889.0
2025-09-15 20:46:07,000000015974.jpg,CPU1,9.329557418823242,53.70354652404785,0.09012222290039062,37.35554790496826,215.0290002822876,0.36084938049316406,5056.0,5056.0,248.0,192.0,5056.0,5056.0,248.0,192.0,5056.0,5056.0,248.0,192.0,4004.0,4004.0,4004.0
2025-09-15 20:46:08,000000180192.jpg,CPU1,9.215831756591797,54.01968955993652,0.08153915405273438,35.78507471084595,205.54491877555847,0.303896427154541,5056.0,5056.0,240.0,184.0,5064.0,5060.0,240.0,178.0,5064.0,5064.0,232.0,172.0,3883.0,3805.0,3727.0
2025-09-15 20:46:09,000000043410.jpg,CPU1,10.959863662719727,52.9329776763916,0.07677078247070312,40.84741187095642,197.2812077999115,0.28612470626831055,5064.0,5064.0,232.0,172.0,5064.0,5064.0,232.0,172.0,5064.0,5064.0,232.0,172.0,3727.0,3727.0,3727.0
2025-09-15 20:46:10,000000405337.jpg,CPU1,7.0343017578125,53.04098129272461,0.087738037109375,26.216842651367188,197.68373727798462,0.3269996643066406,5064.0,5064.0,232.0,172.0,5064.0,5064.0,232.0,172.0,5064.0,5064.0,232.0,172.0,3727.0,3727.0,3727.0
2025-09-15 20:46:11,000000460720.jpg,CPU1,6.040096282958984,53.36713790893555,0.0858306884765625,22.753042697906494,201.0340085029602,0.32332420349121094,5064.0,5060.0,232.0,172.0,5064.0,5060.0,232.0,172.0,5064.0,5060.0,232.0,172.0,3767.0,3767.0,3767.0
2025-09-15 20:46:12,000000256466.jpg,CPU1,13.751506805419922,58.66217613220215,0.08726119995117188,51.801926136016846,220.9804174900055,0.32871294021606445,5064.0,5064.0,232.0,172.0,5064.0,5064.0,232.0,172.0,5064.0,5064.0,232.0,172.0,3767.0,3767.0,3767.0
2025-09-15 20:46:13,000000267869.jpg,CPU1,5.675315856933594,53.0247688293457,0.07987022399902344,21.378914833068848,199.74430418014526,0.3008711338043213,5064.0,5064.0,232.0,172.0,5064.0,5064.0,232.0,172.0,5064.0,5064.0,232.0,172.0,3767.0,3767.0,3767.0
2025-09-15 20:46:14,000000395808.jpg,CPU1,5.934476852416992,53.3144474029541,0.08463859558105469,22.35517430305481,200.8355233669281,0.318833589553833,5064.0,5064.0,232.0,172.0,5064.0,5064.0,232.0,172.0,5064.0,5064.0,232.0,172.0,3767.0,3767.0,3767.0
2025-09-15 20:46:16,000000212240.jpg,CPU1,5.784511566162109,54.430246353149414,0.08511543273925781,22.258800506591797,209.44758796691895,0.32752418518066406,5064.0,5060.0,240.0,180.0,5064.0,5060.0,240.0,180.0,5064.0,5060.0,240.0,180.0,3848.0,3848.0,3848.0
2025-09-15 20:46:17,000000149619.jpg,CPU1,9.131669998168945,52.903175354003906,0.07462501525878906,34.39900088310242,199.28626155853271,0.2811124324798584,5056.0,5056.0,232.0,176.0,5056.0,5056.0,232.0,176.0,5056.0,5056.0,232.0,176.0,3767.0,3767.0,3767.0
2025-09-15 20:46:18,000000161769.jpg,CPU1,7.901430130004883,52.94299125671387,0.07891654968261719,30.088645935058594,201.6069107055664,0.30051422119140625,5056.0,5056.0,240.0,180.0,5056.0,5056.0,240.0,180.0,5056.0,5056.0,240.0,180.0,3808.0,3808.0,3808.0
2025-09-15 20:46:19,000000102853.jpg,CPU1,7.03883171081543,71.16985321044922,0.1506805419921875,27.085424423217773,273.8615951538086,0.5798187255859375,5056.0,5056.0,240.0,180.0,5056.0,5056.0,240.0,180.0,5056.0,5056.0,240.0,180.0,3848.0,3848.0,3848.0
2025-09-15 20:46:20,000000428202.jpg,CPU1,5.317449569702148,53.244829177856445,0.0820159912109375,20.461545944213867,204.8861026763916,0.3155975341796875,5064.0,5064.0,240.0,180.0,5064.0,5064.0,240.0,180.0,5064.0,5064.0,240.0,180.0,3848.0,3848.0,3848.0
2025-09-15 20:46:21,000000355271.jpg,CPU1,5.818843841552734,53.20096015930176,0.08177757263183594,22.629483699798584,206.89853405952454,0.31803297996520996,5056.0,5056.0,240.0,184.0,5056.0,5056.0,240.0,184.0,5056.0,5056.0,240.0,184.0,3889.0,3889.0,3889.0
2025-09-15 20:46:22,000000039461.jpg,CPU1,9.174108505249023,60.247182846069336,0.13637542724609375,35.99002766609192,236.34969830513,0.5350008010864258,5056.0,5056.0,240.0,184.0,5056.0,5056.0,240.0,184.0,5056.0,5056.0,240.0,184.0,3923.0,3923.0,3923.0
2025-09-15 20:46:23,000000115377.jpg,CPU1,8.564472198486328,52.93464660644531,0.08296966552734375,33.64981126785278,207.98022651672363,0.3259878158569336,5064.0,5060.0,240.0,188.0,5064.0,5060.0,240.0,188.0,5064.0,5060.0,240.0,188.0,3929.0,3929.0,3929.0
2025-09-15 20:46:24,000000537034.jpg,CPU1,7.761716842651367,53.87520790100098,0.08320808410644531,30.759683847427368,213.50744891166687,0.3297536373138428,5056.0,5056.0,248.0,192.0,5056.0,5056.0,248.0,192.0,5056.0,5056.0,248.0,192.0,3963.0,3963.0,3963.0
2025-09-15 20:46:25,000000577915.jpg,CPU1,6.980180740356445,53.124427795410156,0.07510185241699219,26.817854404449463,199.96034622192383,0.2768254280090332,5056.0,5056.0,240.0,184.0,5064.0,5060.0,240.0,176.0,5064.0,5064.0,232.0,168.0,3842.0,3764.0,3686.0
2025-09-15 20:46:26,000000192215.jpg,CPU1,5.739927291870117,53.02619934082031,0.08273124694824219,21.392709016799927,197.6286449432373,0.30833935737609863,5064.0,5064.0,232.0,172.0,5064.0,5064.0,232.0,172.0,5064.0,5064.0,232.0,172.0,3727.0,3727.0,3727.0
2025-09-15 20:46:27,000000132498.jpg,CPU1,6.258726119995117,52.94466018676758,0.0762939453125,23.3262722492218,197.32474851608276,0.2843475341796875,5064.0,5064.0,232.0,172.0,5064.0,5064.0,232.0,172.0,5064.0,5064.0,232.0,172.0,3727.0,3727.0,3727.0
2025-09-15 20:46:28,000000110847.jpg,CPU1,7.710695266723633,60.45269966125488,0.13756752014160156,28.73776125907898,225.30721163749695,0.512714147567749,5064.0,5064.0,232.0,172.0,5064.0,5064.0,232.0,172.0,5064.0,5064.0,232.0,172.0,3727.0,3727.0,3727.0
2025-09-15 20:46:29,000000265413.jpg,CPU1,7.102012634277344,52.93393135070801,0.08034706115722656,26.753281593322754,199.40211939811707,0.30266737937927246,5064.0,5064.0,232.0,172.0,5064.0,5064.0,232.0,172.0,5064.0,5064.0,232.0,172.0,3767.0,3767.0,3767.0
2025-09-15 20:46:30,000000318835.jpg,CPU1,5.956888198852539,53.03359031677246,0.080108642578125,22.439597845077515,199.77753472328186,0.3017692565917969,5056.0,5056.0,232.0,172.0,5056.0,5056.0,232.0,172.0,5056.0,5056.0,232.0,172.0,3767.0,3767.0,3767.0
2025-09-15 20:46:32,000000140819.jpg,CPU1,7.421255111694336,52.93846130371094,0.08034706115722656,27.955868005752563,199.4191837310791,0.30266737937927246,5064.0,5060.0,232.0,172.0,5064.0,5060.0,232.0,172.0,5064.0,5060.0,232.0,172.0,3767.0,3767.0,3767.0
2025-09-15 20:46:33,000000125068.jpg,CPU1,6.517887115478516,53.05194854736328,0.08320808410644531,24.820114135742188,202.02182006835938,0.31685638427734375,5056.0,5056.0,232.0,176.0,5056.0,5056.0,232.0,176.0,5056.0,5056.0,232.0,176.0,3808.0,3808.0,3808.0
2025-09-15 20:46:34,000000473049.jpg,CPU1,6.938695907592773,60.35256385803223,0.141143798828125,26.42255401611328,229.82256317138672,0.5374755859375,5056.0,5056.0,240.0,180.0,5056.0,5056.0,240.0,180.0,5056.0,5056.0,240.0,180.0,3808.0,3808.0,3808.0
2025-09-15 20:46:35,000000498485.jpg,CPU1,8.38923454284668,53.02882194519043,0.0820159912109375,31.602246522903442,199.75957226753235,0.30895423889160156,5064.0,5064.0,232.0,176.0,5064.0,5064.0,232.0,176.0,5064.0,5064.0,232.0,176.0,3767.0,3767.0,3767.0
2025-09-15 20:46:36,000000473738.jpg,CPU1,6.394863128662109,52.91438102722168,0.08296966552734375,24.607433319091797,203.61453819274902,0.31926727294921875,5056.0,5056.0,240.0,180.0,5056.0,5056.0,240.0,180.0,5056.0,5056.0,240.0,180.0,3848.0,3848.0,3848.0
2025-09-15 20:46:37,000000140086.jpg,CPU1,8.122682571411133,52.901506423950195,0.07939338684082031,31.589112520217896,205.7339584827423,0.3087608814239502,5056.0,5056.0,240.0,184.0,5056.0,5056.0,240.0,184.0,5056.0,5056.0,240.0,184.0,3889.0,3889.0,3889.0
2025-09-15 20:46:38,000000443997.jpg,CPU1,6.988048553466797,52.93154716491699,0.08034706115722656,27.134592533111572,205.53319764137268,0.31198763847351074,5056.0,5056.0,240.0,184.0,5056.0,5056.0,240.0,184.0,5056.0,5056.0,240.0,184.0,3883.0,3883.0,3883.0
2025-09-15 20:46:39,000000316376.jpg,CPU1,10.335683822631836,52.90484428405762,0.08106231689453125,40.960314989089966,209.66189789772034,0.32124996185302734,5056.0,5056.0,248.0,188.0,5056.0,5056.0,248.0,188.0,5056.0,5056.0,248.0,188.0,3963.0,3963.0,3963.0
2025-09-15 20:46:40,000000476854.jpg,CPU1,5.664587020874023,53.15828323364258,0.07867813110351562,22.68100643157959,212.84576606750488,0.31502723693847656,5056.0,5056.0,248.0,192.0,5056.0,5056.0,248.0,192.0,5056.0,5056.0,248.0,192.0,4004.0,4004.0,4004.0
2025-09-15 20:46:41,000000194982.jpg,CPU1,4.301548004150391,59.10134315490723,0.14352798461914062,17.223398208618164,236.64177799224854,0.5746860504150391,5056.0,5056.0,248.0,192.0,5056.0,5056.0,248.0,192.0,5056.0,5056.0,248.0,192.0,4004.0,4004.0,4004.0
2025-09-15 20:46:42,000000454997.jpg,CPU1,6.864309310913086,53.46250534057617,0.07104873657226562,26.13928985595703,201.41998887062073,0.264798641204834,5056.0,5056.0,232.0,176.0,5064.0,5060.0,232.0,174.0,5064.0,5064.0,232.0,172.0,3808.0,3767.5,3727.0
2025-09-15 20:46:43,000000113027.jpg,CPU1,7.691383361816406,52.899837493896484,0.06961822509765625,28.350439071655273,194.98880100250244,0.25661277770996094,5064.0,5064.0,232.0,172.0,5064.0,5064.0,232.0,172.0,5064.0,5064.0,232.0,172.0,3686.0,3686.0,3686.0
2025-09-15 20:46:44,000000565059.jpg,CPU1,6.76274299621582,52.96945571899414,0.06890296936035156,25.204743146896362,197.41716146469116,0.2568013668060303,5064.0,5064.0,232.0,172.0,5064.0,5064.0,232.0,172.0,5064.0,5064.0,232.0,172.0,3727.0,3727.0,3727.0
2025-09-15 20:46:45,000000484454.jpg,CPU1,7.546424865722656,59.70144271850586,0.1087188720703125,28.427382469177246,224.89533472061157,0.4095439910888672,5064.0,5060.0,232.0,172.0,5064.0,5060.0,232.0,172.0,5064.0,5060.0,232.0,172.0,3767.0,3767.0,3767.0
2025-09-15 20:46:46,000000158752.jpg,CPU1,6.375789642333984,52.893877029418945,0.06222724914550781,23.76256799697876,197.1354796886444,0.23192095756530762,5064.0,5064.0,232.0,172.0,5064.0,5064.0,232.0,172.0,5064.0,5064.0,232.0,172.0,3727.0,3727.0,3727.0
2025-09-15 20:46:47,000000206230.jpg,CPU1,8.427619934082031,52.86574363708496,0.06341934204101562,31.74684429168701,199.14525628089905,0.23890066146850586,5064.0,5060.0,232.0,172.0,5064.0,5060.0,232.0,172.0,5064.0,5060.0,232.0,172.0,3767.0,3767.0,3767.0
2025-09-15 20:46:49,000000196767.jpg,CPU1,5.937337875366211,53.021907806396484,0.07557868957519531,22.60938262939453,201.9074249267578,0.28780364990234375,5064.0,5060.0,240.0,180.0,5064.0,5060.0,240.0,180.0,5064.0,5060.0,240.0,180.0,3808.0,3808.0,3808.0
2025-09-15 20:46:50,000000551758.jpg,CPU1,5.977630615234375,52.88052558898926,0.07367134094238281,22.51773452758789,199.20093989372253,0.27751994132995605,5064.0,5060.0,232.0,176.0,5064.0,5060.0,232.0,176.0,5064.0,5060.0,232.0,176.0,3767.0,3767.0,3767.0
2025-09-15 20:46:51,000000474048.jpg,CPU1,8.323431015014648,60.194969177246094,0.13208389282226562,31.69562530517578,229.22244262695312,0.5029754638671875,5056.0,5056.0,240.0,180.0,5056.0,5056.0,240.0,180.0,5056.0,5056.0,240.0,180.0,3808.0,3808.0,3808.0
2025-09-15 20:46:52,000000117495.jpg,CPU1,4.498481750488281,54.06451225280762,0.06961822509765625,17.130218505859375,205.8776626586914,0.265106201171875,5064.0,5064.0,232.0,176.0,5064.0,5064.0,232.0,176.0,5064.0,5064.0,232.0,176.0,3808.0,3808.0,3808.0
2025-09-15 20:46:53,000000244783.jpg,CPU1,7.885456085205078,52.9637336730957,0.06985664367675781,30.34323501586914,203.80444717407227,0.26880836486816406,5056.0,5056.0,240.0,180.0,5056.0,5056.0,240.0,180.0,5056.0,5056.0,240.0,180.0,3848.0,3848.0,3848.0
2025-09-15 20:46:54,000000448578.jpg,CPU1,7.4291229248046875,52.88219451904297,0.06532669067382812,28.89185905456543,205.6588544845581,0.2540555000305176,5056.0,5056.0,240.0,184.0,5056.0,5056.0,240.0,184.0,5056.0,5056.0,240.0,184.0,3889.0,3889.0,3889.0
2025-09-15 20:46:55,000000299476.jpg,CPU1,4.670619964599609,53.12514305114746,0.06532669067382812,18.54236125946045,210.90681791305542,0.25934696197509766,5056.0,5056.0,248.0,188.0,5056.0,5056.0,248.0,188.0,5056.0,5056.0,248.0,188.0,3970.0,3970.0,3970.0
2025-09-15 20:46:56,000000039158.jpg,CPU1,9.440183639526367,60.1649284362793,0.11610984802246094,37.0904815196991,236.38800382614136,0.456195592880249,5056.0,5056.0,240.0,184.0,5056.0,5056.0,240.0,184.0,5056.0,5056.0,240.0,184.0,3929.0,3929.0,3929.0
2025-09-15 20:46:57,000000174445.jpg,CPU1,12.838602066040039,53.07292938232422,0.08153915405273438,50.969250202178955,210.69952964782715,0.32371044158935547,5056.0,5056.0,240.0,188.0,5056.0,5056.0,240.0,188.0,5056.0,5056.0,240.0,188.0,3970.0,3970.0,3970.0
