Timestamp,Review,Mode,Pre_Lat_ms,Inf_Lat_ms,Post_Lat_ms,Pre_E_mJ,Inf_E_mJ,Post_E_mJ,Pre_Max_V,Pre_Mean_V,Pre_Max_C,Pre_Mean_C,Inf_Max_V,Inf_Mean_V,Inf_Max_C,Inf_Mean_C,Post_Max_V,Post_Mean_V,Post_Max_C,Post_Mean_C,Pre_Pwr_mW,Inf_Pwr_mW,Post_Pwr_mW,Memory_mB
2025-10-07 15:18:35,Hello; my name is (gen 1),GPU,0.9995,7367.9790,0.0000,10.0578,78975.6346,0.0000,11.8281,11.8484,0.5774,0.8493,12.0211,11.9423,0.8001,0.8978,12.0018,11.9596,1.4634,1.1487,10063.3295,10718.7648,13737.8101,283.0953
2025-10-07 15:18:42,Hello; my name is (gen 2),GPU,0.0000,7253.9279,0.9987,0.0000,67589.0252,13.0183,11.9655,11.7112,0.8321,0.8674,12.0614,11.8424,0.5470,0.7854,12.0016,11.9118,0.8102,1.0943,10158.2029,9317.5760,13034.7950,304.9994
2025-10-07 15:18:50,Hello; my name is (gen 3),GPU,0.0000,7260.1979,0.9997,0.0000,80507.3824,10.7441,11.8694,11.8372,0.9455,1.0136,12.0083,11.8829,1.3338,0.9318,12.0709,11.9395,0.5475,0.9002,11997.8789,11088.8689,10747.3921,697.2737
2025-10-07 15:18:58,Hello; my name is (gen 4),GPU,0.5066,7239.0559,1.0002,6.8052,55483.1196,6.4553,11.9968,11.8891,0.6097,1.1298,11.9711,11.8706,0.6902,0.6460,12.0872,11.8349,1.4678,0.5454,13432.0269,7664.4138,6454.2254,556.0132
2025-10-07 15:19:06,Hello; my name is (gen 5),GPU,0.5112,7262.8706,0.0000,7.0989,99832.7220,0.0000,11.9764,11.9785,0.5345,1.1594,12.0501,11.7885,0.7649,1.1660,11.9156,11.9150,0.8051,0.7334,13887.4825,13745.6287,8738.3486,651.3744
2025-10-07 15:19:13,Hello; my name is (gen 6),GPU,0.0000,7264.8699,0.0000,0.0000,69723.6916,0.0000,12.0354,11.9193,1.4260,0.6440,11.9423,11.9261,1.4876,0.8042,11.8680,11.7182,1.0138,0.7598,7675.5605,9597.3765,8903.7590,769.6618
2025-10-07 15:19:21,Hello; my name is (gen 7),GPU,0.0000,7245.1520,0.9999,0.0000,71257.3865,11.9477,11.8509,11.9370,0.5507,0.4807,11.9607,11.9683,1.4295,0.8222,12.0194,11.9408,0.5243,1.0007,5738.5653,9835.1817,11948.5636,290.8167
2025-10-07 15:19:29,Hello; my name is (gen 8),GPU,0.0000,7273.1881,0.0000,0.0000,65939.4886,0.0000,12.0725,11.9626,0.5822,1.1663,11.9673,11.8129,1.4933,0.7675,11.9499,11.7197,1.3479,0.9735,13951.5218,9066.1052,11408.6524,579.2513
2025-10-07 15:19:37,Hello; my name is (gen 9),GPU,0.0000,7338.1236,1.5078,0.0000,95559.6083,8.7197,11.8170,11.8764,0.7241,0.4353,12.0220,11.9174,0.9158,1.0927,11.8757,11.8498,0.5305,0.4880,5169.9482,13022.3493,5783.2204,701.0577
2025-10-07 15:19:45,Hello; my name is (gen 10),GPU,0.0000,7322.7730,1.0002,0.0000,91558.6350,13.3047,11.9965,11.7881,1.1145,0.8599,12.0532,11.8930,1.4008,1.0513,11.9275,11.8365,0.8975,1.1239,10135.9846,12503.2737,13302.4901,382.5447
2025-10-07 15:19:53,Hello; my name is (gen 11),GPU,0.0000,7316.1488,1.0006,0.0000,43383.8303,7.1752,11.9483,11.8036,0.7417,0.6319,11.9897,11.7583,1.3032,0.5040,11.8356,11.8715,0.8307,0.6040,7458.2974,5929.8726,7170.5965,684.2005
2025-10-07 15:20:00,Hello; my name is (gen 12),GPU,0.0000,7283.4051,0.0000,0.0000,55240.0982,0.0000,12.0550,11.7356,1.4958,0.9277,12.0625,11.8694,0.9131,0.6372,12.0399,11.7330,1.4370,0.7050,10886.6651,7584.3781,8271.3337,644.7858
2025-10-07 15:20:08,Hello; my name is (gen 13),GPU,0.0000,7246.3202,0.9992,0.0000,44761.2417,8.5052,12.0920,11.9422,1.1644,0.9392,12.0386,11.8546,1.1977,0.5208,11.9343,11.9902,1.3782,0.7099,11215.8969,6177.0996,8511.9036,653.6260
2025-10-07 15:20:16,Hello; my name is (gen 14),GPU,0.0000,7260.5879,0.0000,0.0000,80533.4648,0.0000,12.0182,11.9363,0.6664,0.4145,12.0463,11.8943,1.0005,0.9333,11.9462,11.8247,0.7536,0.8681,4947.8037,11091.8655,10264.6029,380.1019
2025-10-07 15:20:24,Hello; my name is (gen 15),GPU,0.0000,7243.1152,0.9990,0.0000,60575.4890,9.7973,11.9100,11.8640,0.5753,0.7416,11.9408,11.8317,0.7247,0.7089,11.9226,11.8063,0.6415,0.8307,8798.9607,8363.1818,9807.3916,441.9907
2025-10-07 15:20:31,Hello; my name is (gen 16),GPU,0.0000,7272.7849,0.9995,0.0000,92617.6842,10.7171,11.9393,11.9214,0.8257,1.1438,12.0694,11.8745,1.0617,1.0723,11.9145,11.7411,0.9488,0.9133,13635.3747,12734.8306,10722.9888,555.7191
2025-10-07 15:20:39,Hello; my name is (gen 17),GPU,0.0000,7245.9605,1.0002,0.0000,94086.5565,10.8754,11.9082,11.9404,1.0071,0.5194,12.0382,11.9678,1.4678,1.0849,11.9983,11.8589,0.9592,0.9169,6202.0871,12984.6908,10873.6060,361.5369
2025-10-07 15:20:47,Hello; my name is (gen 18),GPU,0.0000,7275.7628,0.0000,0.0000,44018.9680,0.0000,12.0619,11.9986,0.8549,0.8635,11.9253,11.7818,1.3739,0.5131,11.8049,11.8286,1.1185,0.4363,10360.8242,6050.0829,5161.2682,474.0627
2025-10-07 15:20:55,Hello; my name is (gen 19),GPU,0.0000,7256.3934,0.0000,0.0000,64933.9366,0.0000,11.8214,11.8927,1.3700,0.7593,12.0677,11.7728,1.4666,0.7608,12.0438,11.7331,1.2920,0.8645,9030.1764,8948.5138,10143.2882,217.8233
2025-10-07 15:21:02,Hello; my name is (gen 20),GPU,0.0000,7256.1307,1.0014,0.0000,60902.0641,10.2057,12.0469,11.8822,1.3316,1.1995,11.8642,11.9608,0.8277,0.7013,12.0783,11.9903,0.9607,0.8500,14252.4818,8393.1873,10191.8842,213.4553
2025-10-07 15:21:10,Hello; my name is (gen 21),GPU,0.0000,7265.5573,1.0004,0.0000,82556.8619,6.8120,12.0219,11.9484,0.6119,0.7804,12.0712,11.8436,0.8941,0.9592,11.9850,11.7047,0.6135,0.5818,9324.7316,11362.7708,6809.2174,457.8727
2025-10-07 15:21:18,Hello; my name is (gen 22),GPU,0.0000,7273.6130,0.9999,0.0000,77171.2389,11.0984,12.0417,11.8992,1.2939,0.8078,12.0572,11.8469,0.9132,0.8972,11.8426,11.8163,0.7155,0.9393,9612.0023,10609.7533,11099.1992,642.5934
2025-10-07 15:21:26,Hello; my name is (gen 23),GPU,0.0000,7300.5664,0.9995,0.0000,58913.2945,12.8308,11.9833,11.9834,0.9765,0.5055,11.9745,11.8916,1.2438,0.6796,11.9801,11.9493,0.9806,1.0744,6057.1242,8069.6882,12837.8067,523.4952
2025-10-07 15:21:33,Hello; my name is (gen 24),GPU,0.0000,7241.1437,0.0000,0.0000,68393.6754,0.0000,12.0284,11.7450,1.4421,0.9447,11.9068,11.8046,1.2606,0.7982,11.8037,11.8295,1.2827,1.1571,11095.9591,9445.1482,13687.5568,443.1486
2025-10-07 15:21:41,Hello; my name is (gen 25),GPU,0.0000,7280.7784,0.9999,0.0000,71866.2025,7.9991,11.8825,11.8855,0.8865,0.6219,11.9841,11.7796,1.3565,0.8371,11.9653,11.9280,0.7211,0.6707,7391.6175,9870.6757,7999.6878,647.7445
2025-10-07 15:21:49,Hello; my name is (gen 26),GPU,0.0000,7268.1487,1.0004,0.0000,71551.2186,7.6948,12.0113,11.7337,0.9435,1.1477,12.0017,11.9281,1.4250,0.8254,12.0025,11.8199,0.6827,0.6507,13466.5742,9844.4902,7691.6970,639.3128
2025-10-07 15:21:57,Hello; my name is (gen 27),GPU,0.0000,7268.5242,0.0000,0.0000,87162.4486,0.0000,11.8792,11.7233,0.9475,0.4617,11.8681,11.8060,1.3114,1.0153,11.9263,11.7350,0.7989,1.1424,5412.0985,11991.7670,13405.6939,240.4259
2025-10-07 15:22:05,Hello; my name is (gen 28),GPU,0.0000,7260.6423,1.0002,0.0000,69136.6005,6.5457,12.0398,11.8234,0.8503,1.0861,12.0239,11.8866,1.4831,0.8015,11.8035,11.8812,0.9299,0.5508,12841.0843,9522.1053,6544.6303,724.2506
2025-10-07 15:22:12,Hello; my name is (gen 29),GPU,0.5121,7252.7812,1.0009,4.1403,79362.0904,12.2005,12.0399,11.9001,1.4784,0.6794,12.0963,11.8835,1.1517,0.9221,11.9043,11.7892,0.6685,1.0340,8084.6560,10942.2977,12189.8084,201.9384
2025-10-07 15:22:20,Hello; my name is (gen 30),GPU,0.0000,7257.0860,0.0000,0.0000,79789.1070,0.0000,11.8796,11.8611,1.3604,0.7306,12.0939,11.8571,0.9001,0.9283,11.8327,11.7173,0.5829,0.8855,8666.2800,10994.6481,10376.2458,389.1572
2025-10-07 15:22:28,Hello; my name is (gen 31),GPU,0.0000,7271.0421,0.0000,0.0000,79205.4251,0.0000,11.9427,11.9479,1.3226,1.1545,11.9316,11.7512,1.4699,0.9271,11.8545,11.7274,1.1927,0.6182,13794.0577,10893.2700,7249.4405,434.8329
2025-10-07 15:22:36,Hello; my name is (gen 32),GPU,0.0000,7411.6580,0.0000,0.0000,58156.4215,0.0000,11.8287,11.8785,0.8611,0.9439,11.9947,11.8985,1.2074,0.6596,12.0627,11.8975,0.9857,0.7628,11211.9214,7846.6142,9075.2007,437.8019
2025-10-07 15:22:44,Hello; my name is (gen 33),GPU,0.5202,7347.3897,0.9997,3.8821,60562.2677,9.6404,12.0336,11.9973,1.2700,0.6220,11.9198,11.9750,0.7965,0.6884,12.0832,11.8573,0.5163,0.8133,7462.2011,8242.6916,9643.4182,667.8898
2025-10-07 15:22:51,Hello; my name is (gen 34),GPU,0.5047,7351.1865,0.0000,6.0290,68431.4315,0.0000,11.8617,11.8974,1.0430,1.0040,11.9542,11.8598,1.3841,0.7859,11.9916,11.9544,0.5448,0.8658,11945.0026,9308.8961,10349.6776,666.1215
2025-10-07 15:22:59,Hello; my name is (gen 35),GPU,0.0000,7276.6850,1.0023,0.0000,91887.0908,11.5957,12.0234,11.7305,1.1972,0.5031,11.9413,11.9422,0.8230,1.0574,12.0734,11.8630,0.8548,0.9752,5902.0859,12627.6032,11568.9632,338.2365
2025-10-07 15:23:07,Hello; my name is (gen 36),GPU,0.0000,7309.1464,0.0000,0.0000,52674.8124,0.0000,11.9707,11.7125,1.2637,1.0426,11.9966,11.8268,0.9487,0.6083,11.8718,11.7810,0.9445,0.5849,12212.0124,7206.6982,6891.2696,243.2805
2025-10-07 15:23:15,Hello; my name is (gen 37),GPU,0.0000,7263.8280,1.5044,0.0000,77532.4320,10.3313,11.8032,11.7716,1.2216,0.6604,12.0414,11.9596,0.7073,0.8921,11.9071,11.8375,0.9968,0.5801,7773.6829,10673.7703,6867.2879,272.5307
2025-10-07 15:23:23,Hello; my name is (gen 38),GPU,0.0000,7301.5654,0.0000,0.0000,74886.2997,0.0000,11.9401,11.9651,1.1795,0.7141,12.0599,11.8418,1.3129,0.8655,12.0444,11.7123,0.6219,0.7329,8544.5714,10256.1979,8583.3666,649.8033
2025-10-07 15:23:30,Hello; my name is (gen 39),GPU,0.0000,7292.8524,0.9999,0.0000,76143.7764,6.2981,11.8875,11.8541,0.8384,1.1594,11.9464,11.8269,1.3712,0.8828,12.0576,11.9463,1.0576,0.5272,13743.8494,10440.8772,6298.5201,476.7180
2025-10-07 15:23:38,Hello; my name is (gen 40),GPU,0.0000,7347.9352,0.9997,0.0000,57179.4169,5.7548,12.0184,11.9278,0.5608,0.4688,11.9861,11.8146,1.3952,0.6586,11.8142,11.7679,1.2056,0.4892,5592.1721,7781.6986,5756.5826,219.8300
2025-10-07 15:23:46,Hello; my name is (gen 41),GPU,0.0000,7220.6211,1.0006,0.0000,57858.7555,10.7264,11.8446,11.8245,1.3136,0.8082,12.0897,11.8350,1.2861,0.6758,12.0540,11.9158,0.9504,0.8996,9557.1014,8012.9887,10719.5466,547.3164
2025-10-07 15:23:54,Hello; my name is (gen 42),GPU,0.0000,7308.0635,1.0002,0.0000,88926.7025,11.5060,11.9424,11.8011,1.0496,0.5457,11.9407,11.8633,0.9171,1.0239,11.8254,11.9442,0.6192,0.9632,6440.3042,12168.2991,11504.0647,219.0992
2025-10-07 15:24:02,Hello; my name is (gen 43),GPU,0.5138,7260.6521,0.9997,5.5736,72836.5284,5.7043,12.0086,11.7631,1.3643,0.9222,12.0285,11.9501,0.9901,0.8395,12.0735,11.8308,1.4464,0.4823,10847.8898,10031.6787,5706.1124,509.1945
2025-10-07 15:24:09,Hello; my name is (gen 44),GPU,0.0000,7256.0194,1.0040,0.0000,72286.2071,9.0612,12.0042,11.8372,1.4122,0.5678,12.0009,11.8046,0.6113,0.8445,12.0241,11.8732,1.0722,0.7601,6721.5483,9962.2401,9025.3112,692.3123
2025-10-07 15:24:17,Hello; my name is (gen 45),GPU,0.5064,7259.3822,0.9990,3.9062,64312.2116,5.3211,11.8012,11.8565,0.9001,0.6506,11.8793,11.8158,0.7529,0.7497,11.9572,11.8207,1.3588,0.4506,7713.6737,8859.1852,5326.5481,687.7009
2025-10-07 15:24:25,Hello; my name is (gen 46),GPU,0.0000,7250.7932,1.0002,0.0000,64284.4559,12.4970,12.0416,11.9852,1.1588,0.7171,12.0264,11.8020,1.4475,0.7529,12.0156,11.7813,1.0090,1.0606,8595.0365,8865.8515,12494.9257,380.6355
2025-10-07 15:24:33,Hello; my name is (gen 47),GPU,0.0000,7368.7301,0.9997,0.0000,69108.8558,7.6831,11.9746,11.9528,1.1131,0.6364,11.9709,11.8996,1.1679,0.7883,12.0178,11.7160,0.5716,0.6560,7606.6889,9378.6657,7685.4985,331.2417
2025-10-07 15:24:40,Hello; my name is (gen 48),GPU,0.0000,7234.0491,0.9997,0.0000,44250.3622,10.6953,12.0400,11.9723,0.6783,0.8897,12.0521,11.9333,1.1138,0.5123,11.8745,11.9899,0.7039,0.8923,10651.8603,6116.9563,10698.6311,572.8147
2025-10-07 15:24:48,Hello; my name is (gen 49),GPU,0.0000,7236.1133,0.0000,0.0000,63042.9679,0.0000,12.0764,11.7187,0.6238,0.4880,11.9853,11.7660,0.7693,0.7405,11.9769,11.7107,0.7368,0.6060,5718.9687,8712.2693,7096.8383,339.4306
2025-10-07 15:24:56,Hello; my name is (gen 50),GPU,0.0000,7223.0415,0.0000,0.0000,61275.9612,0.0000,11.8845,11.7983,0.7849,0.4899,11.9160,11.8400,1.4485,0.7184,11.8138,11.7989,0.5535,0.6632,5780.2802,8483.4015,7824.6045,267.3813
2025-10-07 15:25:04,Hello; my name is (gen 51),GPU,0.0000,7232.0452,0.5095,0.0000,53830.3430,2.8901,12.0979,11.7729,0.9507,0.7400,11.9627,11.8052,0.7547,0.6301,12.0335,11.8984,0.7090,0.4767,8712.0571,7443.3085,5672.3360,455.6413
2025-10-07 15:25:11,Hello; my name is (gen 52),GPU,0.0000,7238.5478,0.0000,0.0000,82230.7278,0.0000,11.8195,11.9921,0.7985,0.4948,11.8763,11.8326,1.1876,0.9620,11.8064,11.9625,0.6357,0.8164,5934.2204,11360.1139,9766.5069,434.1447
2025-10-07 15:25:19,Hello; my name is (gen 53),GPU,0.0000,7252.0299,0.9999,0.0000,70442.4735,8.6940,11.9531,11.7413,0.8749,1.0077,11.9955,11.8729,1.3103,0.8191,11.9772,11.8448,1.4384,0.7340,11832.1477,9713.4836,8694.6084,531.0302
2025-10-07 15:25:27,Hello; my name is (gen 54),GPU,0.0000,7209.8393,0.0000,0.0000,80985.0853,0.0000,12.0934,11.9803,0.7092,1.1203,12.0002,11.8393,0.8267,0.9494,11.8547,11.9967,1.2274,0.7050,13421.4877,11232.5783,8457.8928,550.8912
2025-10-07 15:25:35,Hello; my name is (gen 55),GPU,0.0000,7218.7903,1.0002,0.0000,75242.1166,6.2853,12.0908,11.7116,1.2676,0.9933,11.9902,11.8935,1.0644,0.8737,11.9283,11.7745,0.6769,0.5337,11633.0939,10423.0922,6284.3028,569.9716
2025-10-07 15:25:42,Hello; my name is (gen 56),GPU,0.0000,7230.3288,1.0037,0.0000,97693.7449,5.0438,11.8180,11.8789,0.5681,0.4534,11.9614,11.7517,0.7641,1.1498,11.8565,11.9697,1.4087,0.4198,5386.0855,13511.6601,5025.0177,341.8770
2025-10-07 15:25:50,Hello; my name is (gen 57),GPU,0.0000,7261.3187,0.9999,0.0000,77354.2744,5.8947,12.0314,11.7347,1.2172,1.1952,11.9559,11.8624,1.3670,0.8995,11.8969,11.9347,0.7537,0.4940,14024.8244,10652.9238,5895.1489,659.8737
2025-10-07 15:25:58,Hello; my name is (gen 58),GPU,0.0000,7211.5612,0.0000,0.0000,51086.5274,0.0000,11.8808,11.8515,0.6492,0.4541,11.8059,11.9801,1.1766,0.5913,11.9700,11.9617,0.5685,0.8795,5381.2488,7083.9761,10520.4290,753.0225
2025-10-07 15:26:05,Hello; my name is (gen 59),GPU,0.5147,7231.2531,0.9992,6.8476,75603.6682,8.8481,11.8966,11.8166,1.1486,1.1258,12.0457,11.7200,0.9185,0.8921,11.9956,11.7850,1.0698,0.7514,13302.8523,10455.1267,8855.0991,667.0263
2025-10-07 15:26:13,Hello; my name is (gen 60),GPU,0.0000,7214.5088,0.0000,0.0000,47132.8497,0.0000,11.8854,11.8818,1.2234,1.1545,11.8866,11.8844,1.3295,0.5499,11.9993,11.8519,0.6282,0.8081,13717.7456,6533.0643,9577.0362,528.0001
2025-10-07 15:26:21,Hello; my name is (gen 61),GPU,0.5112,7201.5860,0.9997,3.6181,67224.3281,11.9383,12.0076,11.9051,0.5364,0.5945,12.0961,11.8800,1.2684,0.7852,11.9489,11.8899,0.6443,1.0044,7078.1165,9334.6560,11941.9679,371.3388
2025-10-07 15:26:29,Hello; my name is (gen 62),GPU,0.0000,7228.1120,0.0000,0.0000,51596.3828,0.0000,11.9158,11.8256,0.5478,1.1628,12.0329,11.7438,0.9833,0.6072,12.0924,11.9743,1.0890,0.6624,13750.5346,7138.2932,7931.2308,567.2201
2025-10-07 15:26:36,Hello; my name is (gen 63),GPU,0.5102,7213.6853,0.0000,5.3517,97096.4905,0.0000,11.8675,11.8542,1.0984,0.8848,12.0938,11.8775,0.9032,1.1335,12.0091,11.8571,0.7336,1.1104,10489.1033,13460.0397,13166.5026,621.9491
2025-10-07 15:26:44,Hello; my name is (gen 64),GPU,0.0000,7202.0407,0.0000,0.0000,63764.0327,0.0000,12.0499,11.9408,0.9308,0.4591,11.8568,11.8332,1.4565,0.7515,11.8857,11.9305,0.5040,0.4139,5481.5730,8853.6063,4938.1388,616.5319
2025-10-07 15:26:52,Hello; my name is (gen 65),GPU,0.0000,7193.3155,1.0002,0.0000,62443.5542,11.5713,12.0080,11.7785,1.0015,0.9472,11.9552,11.8998,0.6984,0.7300,11.9318,11.7859,0.9505,0.9816,11156.6620,8680.7751,11569.3331,250.8318
2025-10-07 15:26:59,Hello; my name is (gen 66),GPU,0.5045,7221.0326,0.9997,6.2295,69425.2980,13.4538,11.8540,11.7590,1.1812,1.0501,11.8876,11.8820,1.0763,0.8084,12.0475,11.7374,1.3477,1.1466,12347.9409,9614.3172,13457.9665,539.8813
2025-10-07 15:27:07,Hello; my name is (gen 67),GPU,0.0000,7196.9893,0.5064,0.0000,61087.5297,3.6401,12.0010,11.7526,1.3924,0.4782,11.9493,11.7809,0.9043,0.7198,11.8129,11.8995,0.7056,0.6041,5620.1609,8487.9284,7188.2689,341.3534
2025-10-07 15:27:15,Hello; my name is (gen 68),GPU,0.5093,7203.7804,0.0000,5.4306,91347.8085,0.0000,11.8403,11.7258,1.3823,0.9094,12.0364,11.8256,1.3024,1.0730,12.0323,11.8625,0.7566,0.5163,10663.6953,12680.5376,6124.0243,754.4774
2025-10-07 15:27:23,Hello; my name is (gen 69),GPU,0.0000,7217.0181,0.0000,0.0000,65795.7543,0.0000,11.9994,11.8758,1.4211,0.4563,11.8697,11.8119,1.2209,0.7729,12.0998,11.8141,1.2950,0.6181,5418.5577,9116.7506,7302.6929,470.7258
2025-10-07 15:27:30,Hello; my name is (gen 70),GPU,0.5057,7207.7448,0.0000,5.3084,62272.3530,0.0000,12.0282,11.8540,1.1087,0.8856,12.0456,11.8422,1.2947,0.7298,11.8637,11.8405,1.4685,0.6465,10497.3431,8639.6445,7654.6130,407.5813
2025-10-07 15:27:38,Hello; my name is (gen 71),GPU,0.0000,7208.3151,0.0000,0.0000,79084.9081,0.0000,11.8971,11.8017,1.0201,0.5486,11.9876,11.8462,1.3754,0.9262,11.8538,11.9007,0.8232,1.1278,6474.1090,10971.3444,13422.2516,306.1836
2025-10-07 15:27:46,Hello; my name is (gen 72),GPU,0.0000,7237.6480,0.0000,0.0000,60928.7636,0.0000,12.0646,11.8168,0.7845,0.9163,11.8587,11.9552,1.2498,0.7043,11.8358,11.8573,0.9169,0.7224,10828.0375,8418.3099,8565.5314,532.4371
2025-10-07 15:27:53,Hello; my name is (gen 73),GPU,0.5105,7213.4664,0.0000,5.0165,48685.5023,0.0000,11.9101,11.9199,0.8333,0.8245,12.0541,11.8493,1.0832,0.5714,11.8305,11.9924,1.1492,1.1287,9827.6199,6749.2520,13536.0441,293.4656
2025-10-07 15:28:01,Hello; my name is (gen 74),GPU,0.0000,7210.0427,0.0000,0.0000,83899.7755,0.0000,11.9750,11.8257,1.1881,1.0785,11.8385,11.9120,0.9827,0.9774,12.0784,11.9238,1.0595,0.9267,12754.1803,11636.5157,11050.1174,463.1441
2025-10-07 15:28:09,Hello; my name is (gen 75),GPU,0.0000,7234.8444,0.0000,0.0000,47534.6465,0.0000,11.8040,11.9685,1.4745,1.1794,12.0151,11.8259,1.3739,0.5557,12.0358,11.7536,0.8228,0.5048,14116.2044,6570.2375,5933.0202,677.8939
2025-10-07 15:28:17,Hello; my name is (gen 76),GPU,0.0000,7235.7566,0.0000,0.0000,71023.9439,0.0000,11.8159,11.8257,0.9235,0.5770,11.9535,11.8754,1.3317,0.8277,12.0691,11.9992,1.1462,0.7640,6823.5052,9815.6900,9166.8035,475.2119
2025-10-07 15:28:24,Hello; my name is (gen 77),GPU,0.5035,7203.5472,0.0000,2.9118,64949.4548,0.0000,11.8375,11.7817,0.8277,0.4908,11.8971,11.9007,1.0141,0.7559,12.0990,11.8381,0.5066,1.1113,5782.6933,9016.3155,13155.2133,685.6056
2025-10-07 15:28:32,Hello; my name is (gen 78),GPU,0.0000,7202.3869,1.0004,0.0000,43623.7577,7.6215,12.0508,11.9005,1.0928,0.5144,12.0050,11.9225,1.0899,0.5076,11.8160,11.8923,0.8697,0.6406,6121.9475,6056.8473,7618.4662,766.7501
2025-10-07 15:28:40,Hello; my name is (gen 79),GPU,0.0000,7222.2140,0.0000,0.0000,40411.2979,0.0000,12.0848,11.8030,0.6148,0.7837,11.9037,11.8269,0.9070,0.4736,11.8427,11.8207,0.9290,1.1250,9249.4963,5595.4169,13298.1158,209.3664
2025-10-07 15:28:48,Hello; my name is (gen 80),GPU,0.0000,7240.2608,0.0000,0.0000,61668.9871,0.0000,11.8851,11.9534,0.9297,0.8629,12.0637,11.8145,1.1941,0.7206,11.9914,11.8870,0.9879,0.7243,10315.1556,8517.5090,8610.2525,560.3706
2025-10-07 15:28:55,Hello; my name is (gen 81),GPU,0.0000,7258.6725,1.0002,0.0000,76527.1001,12.1028,11.8759,11.8514,0.5387,1.1906,11.9108,11.7965,1.4197,0.8940,11.9205,11.8423,1.3244,1.0218,14110.5411,10542.8507,12100.8341,457.1941
2025-10-07 15:29:03,Hello; my name is (gen 82),GPU,0.0000,7218.1821,0.9999,0.0000,84095.7733,10.7555,11.9847,11.7606,1.0562,0.6932,11.9459,11.8490,1.2132,0.9856,11.9262,11.8221,1.2383,0.9098,8152.9480,11650.5475,10756.2494,424.2548
2025-10-07 15:29:11,Hello; my name is (gen 83),GPU,0.0000,7209.7540,1.0004,0.0000,41959.3112,5.8395,12.0766,11.8358,0.8979,0.5660,12.0715,11.8761,0.9399,0.4901,11.9645,11.7799,0.5435,0.4955,6699.3999,5819.7979,5837.1473,609.2657
2025-10-07 15:29:18,Hello; my name is (gen 84),GPU,0.0000,7194.9546,0.9999,0.0000,58684.2684,9.7670,11.8603,11.9597,1.1900,0.8386,11.8906,11.9692,1.2517,0.6814,11.8018,11.9013,1.2568,0.8207,10028.9990,8156.3083,9767.6940,549.9517
2025-10-07 15:29:26,Hello; my name is (gen 85),GPU,0.0000,7203.4171,1.0018,0.0000,64289.3635,11.1872,11.8135,11.9756,0.5372,0.4545,11.9430,11.9090,1.1407,0.7486,12.0444,11.8668,0.5919,0.9410,5443.2412,8924.8426,11166.6973,454.3947
2025-10-07 15:29:34,Hello; my name is (gen 86),GPU,0.0000,7233.2563,1.0006,0.0000,81647.9215,5.3624,12.0258,11.7418,0.5184,0.5435,11.8549,11.8595,1.4002,0.9519,11.9204,11.7088,0.6088,0.4577,6382.2378,11287.8512,5358.9347,328.7919
2025-10-07 15:29:42,Hello; my name is (gen 87),GPU,0.0000,7203.3968,0.9992,0.0000,77151.1978,5.6709,12.0762,11.7065,0.6608,0.6060,12.0406,11.8078,1.4898,0.9078,12.0806,11.7204,0.6823,0.4842,7094.3059,10710.3912,5675.3555,357.2938
2025-10-07 15:29:49,Hello; my name is (gen 88),GPU,0.0000,7211.9141,0.9999,0.0000,54012.5079,9.3718,11.9167,11.7173,0.8965,1.1288,12.0653,11.9195,0.8151,0.6287,11.8107,11.9447,1.2551,0.7847,13226.0250,7489.3444,9372.4818,523.3792
2025-10-07 15:29:57,Hello; my name is (gen 89),GPU,0.0000,7218.5981,0.9999,0.0000,58615.8031,5.9362,11.8489,11.7978,1.0650,0.8230,12.0978,11.8474,1.4833,0.6861,12.0226,11.7386,1.0440,0.5057,9710.1431,8120.1089,5936.6105,553.7572
2025-10-07 15:30:05,Hello; my name is (gen 90),GPU,0.0000,7217.3343,0.0000,0.0000,76557.3426,0.0000,12.0545,11.9522,1.0887,0.7480,12.0846,11.8123,0.9931,0.8972,11.9751,11.9667,0.5334,1.1473,8940.1098,10607.4265,13729.3455,740.6659
2025-10-07 15:30:12,Hello; my name is (gen 91),GPU,0.0000,7198.9315,0.9997,0.0000,73683.1946,8.0020,11.9843,11.7801,1.4091,0.5609,12.0948,11.8995,1.3367,0.8600,12.0353,11.7199,1.1544,0.6830,6607.0630,10235.2960,8004.5337,521.2163
2025-10-07 15:30:20,Hello; my name is (gen 92),GPU,0.5119,7206.3379,0.0000,2.7672,44902.3304,0.0000,11.9808,11.8609,1.4249,0.4558,12.0129,11.7557,1.3624,0.5302,12.0775,11.8080,1.3343,1.1294,5405.9299,6230.9499,13336.2846,335.2480
2025-10-07 15:30:28,Hello; my name is (gen 93),GPU,0.0000,7217.7291,0.0000,0.0000,58998.7796,0.0000,11.8052,11.8534,0.6500,0.6200,11.9813,11.8343,1.1846,0.6936,12.0500,11.7226,0.6641,0.4915,7349.1174,8174.1471,5761.2054,362.3374
2025-10-07 15:30:36,Hello; my name is (gen 94),GPU,0.0000,7224.0794,1.0054,0.0000,61983.7630,11.8900,11.8243,11.8959,0.9851,0.6727,12.0019,11.8120,1.3927,0.7266,11.8895,11.7800,0.8604,1.0039,8002.7970,8580.1608,11826.0344,749.3848
2025-10-07 15:30:43,Hello; my name is (gen 95),GPU,0.0000,7204.6180,0.0000,0.0000,41024.8928,0.0000,11.9380,11.9451,1.4258,0.9664,12.0256,11.7839,1.1940,0.4832,12.0385,11.7843,1.4105,1.1272,11543.3542,5694.2496,13282.9832,227.2235
2025-10-07 15:30:51,Hello; my name is (gen 96),GPU,0.0000,7247.8585,1.5028,0.0000,72979.6467,8.8478,11.8291,11.9752,1.0123,0.7832,11.9974,11.8017,1.4666,0.8520,11.8592,11.7627,0.6182,0.5005,9379.5571,10069.1323,5887.7514,469.1398
2025-10-07 15:30:59,Hello; my name is (gen 97),GPU,1.0054,7223.7763,0.9997,8.2571,53612.2598,12.4838,11.9427,11.9821,0.5919,0.6854,11.9450,11.7699,1.3043,0.6301,11.9310,11.7217,1.1614,1.0653,8212.6118,7421.6389,12487.6847,398.6500
2025-10-07 15:31:06,Hello; my name is (gen 98),GPU,0.5059,7208.7030,0.9997,2.5891,80672.0151,9.4792,12.0681,11.8643,1.0136,0.4313,12.0649,11.9046,1.2676,0.9401,11.9295,11.8022,0.5735,0.8034,5117.5562,11190.9195,9482.1311,531.5272
2025-10-07 15:31:14,Hello; my name is (gen 99),GPU,0.0000,7241.7855,1.0002,0.0000,63781.8924,7.0761,11.9408,11.9989,0.9532,0.6987,12.0715,11.7843,0.7549,0.7479,12.0633,11.8776,1.4455,0.5957,8383.8502,8807.4815,7074.9712,554.0882
2025-10-07 15:31:22,Hello; my name is (gen 100),GPU,0.0000,7220.2854,0.0000,0.0000,89002.6784,0.0000,11.8766,11.7158,0.6546,0.9515,12.0479,11.9120,1.2690,1.0353,11.8278,11.9187,0.7701,0.5959,11148.1437,12326.7535,7102.0486,501.6076
2025-10-07 15:31:30,Hello; my name is (gen 101),GPU,0.0000,7197.3822,0.0000,0.0000,81629.5823,0.0000,11.8033,11.7433,1.0649,0.9481,12.0845,11.9535,1.4011,0.9494,12.0844,11.7451,0.9228,1.0931,11133.3625,11341.5656,12838.3917,502.6291
2025-10-07 15:31:37,Hello; my name is (gen 102),GPU,0.0000,7196.9116,0.0000,0.0000,52640.9222,0.0000,11.9687,11.7114,1.0429,0.7553,11.9265,11.8274,1.3576,0.6192,12.0516,11.7083,1.1770,0.5427,8845.6537,7314.3767,6354.5177,737.9048
2025-10-07 15:31:45,Hello; my name is (gen 103),GPU,0.0000,7203.6946,1.0006,0.0000,51687.5010,7.2991,11.8172,11.9928,1.2069,0.7162,12.0870,11.8204,1.3254,0.6079,11.8634,11.9153,0.9883,0.6122,8589.1818,7175.1378,7294.4264,750.1415
2025-10-07 15:31:53,Hello; my name is (gen 104),GPU,0.5033,7250.0165,0.5050,4.8019,76731.8457,4.0473,11.8073,11.8155,0.5801,0.8075,12.0451,11.9109,1.4555,0.8880,11.8067,11.9957,1.3215,0.6681,9540.8522,10583.6788,8014.9465,236.4603
2025-10-07 15:32:01,Hello; my name is (gen 105),GPU,0.0000,7228.1680,1.0037,0.0000,76448.8576,8.6346,11.9205,11.7948,0.5460,0.6537,11.9639,11.8400,0.6579,0.8928,11.9873,11.9892,1.2966,0.7175,7710.4958,10576.5192,8602.4374,557.7103
2025-10-07 15:32:08,Hello; my name is (gen 106),GPU,0.0000,7223.0117,1.0009,0.0000,68338.6946,7.8538,11.9004,11.7944,0.8868,0.6926,12.0693,11.8336,1.0974,0.7991,12.0754,11.9352,1.0620,0.6575,8168.7076,9461.2465,7846.8529,305.8175
2025-10-07 15:32:16,Hello; my name is (gen 107),GPU,0.5097,7225.9190,0.0000,6.0006,92138.8207,0.0000,11.9200,11.7643,0.9029,1.0006,11.9996,11.8442,1.4474,1.0760,12.0535,11.7063,1.3981,0.4712,11771.8570,12751.1560,5515.4654,388.3564
2025-10-07 15:32:24,Hello; my name is (gen 108),GPU,0.0000,7211.4446,0.0000,0.0000,76222.7576,0.0000,11.9464,11.9031,1.0539,1.1395,12.0334,11.8471,1.2848,0.8937,11.9608,11.8281,0.6926,1.1802,13563.9525,10569.6933,13959.6126,591.5581
2025-10-07 15:32:31,Hello; my name is (gen 109),GPU,0.0000,7218.8113,0.0000,0.0000,80130.4787,0.0000,11.8855,11.7361,1.0427,0.8650,11.9769,11.9685,0.7015,0.9280,12.0859,11.8022,0.8088,0.9767,10152.0944,11100.2318,11526.8526,595.2510
2025-10-07 15:32:39,Hello; my name is (gen 110),GPU,0.0000,7208.0164,0.0000,0.0000,65501.0868,0.0000,11.9240,11.9892,0.5968,0.7001,12.0344,11.8142,0.9205,0.7683,12.0559,11.7849,1.2898,0.5989,8394.0882,9087.2555,7057.5305,662.5702
2025-10-07 15:32:47,Hello; my name is (gen 111),GPU,0.0000,7227.0424,0.0000,0.0000,70755.5636,0.0000,11.8996,11.7975,0.6436,0.5387,11.9220,11.7784,1.4037,0.8310,11.8172,11.9925,0.8143,0.6669,6355.3480,9790.3899,7997.5782,630.8205
2025-10-07 15:32:55,Hello; my name is (gen 112),GPU,0.0000,7207.2935,0.0000,0.0000,52962.9211,0.0000,12.0451,11.9320,1.3838,0.7461,12.0587,11.8844,1.4498,0.6170,11.8731,11.8406,1.2584,0.9700,8901.9026,7348.5173,11485.9114,297.5928
2025-10-07 15:33:02,Hello; my name is (gen 113),GPU,0.0000,7202.0898,0.0000,0.0000,35420.6267,0.0000,11.8248,11.7721,0.5375,0.8564,12.0636,11.9284,1.2451,0.4124,12.0150,11.9289,0.6543,0.5702,10082.2389,4918.1040,6801.5248,706.7489
2025-10-07 15:33:10,Hello; my name is (gen 114),GPU,0.0000,7219.0115,0.0000,0.0000,66936.9421,0.0000,11.8429,11.7759,1.0732,1.1397,11.9471,11.7720,0.9329,0.7880,11.9296,11.9859,0.7117,0.4289,13420.4216,9272.3140,5141.2284,555.1814
2025-10-07 15:33:18,Hello; my name is (gen 115),GPU,0.0000,7196.7006,1.5032,0.0000,84748.3219,11.2953,11.8618,11.7355,1.4096,0.9086,12.0122,11.8875,1.4373,0.9916,12.0629,11.9156,0.5011,0.6306,10662.6548,11775.9967,7514.0117,242.9399
2025-10-07 15:33:25,Hello; my name is (gen 116),GPU,0.0000,7225.4496,0.0000,0.0000,88085.1194,0.0000,11.9834,11.8353,0.6817,0.7919,12.0705,11.8636,0.7558,1.0281,11.9794,11.8550,0.8453,0.4098,9372.0282,12190.9535,4858.3236,628.0192
2025-10-07 15:33:33,Hello; my name is (gen 117),GPU,0.0000,7227.4468,0.0000,0.0000,78659.8406,0.0000,12.0920,11.9676,0.9500,0.6342,12.1000,11.8359,0.9445,0.9202,12.0029,11.8249,0.8745,1.1817,7589.7020,10883.4894,13973.3817,445.7975
2025-10-07 15:33:41,Hello; my name is (gen 118),GPU,0.0000,7210.1431,0.9992,0.0000,89208.4532,13.9878,12.0167,11.7583,1.3780,0.9641,11.9307,11.8655,1.4276,1.0431,11.9938,11.8991,0.9825,1.1765,11335.6099,12372.6328,13998.8741,679.0095
2025-10-07 15:33:49,Hello; my name is (gen 119),GPU,0.0000,7195.9364,0.0000,0.0000,60667.8340,0.0000,11.9894,11.8451,1.0509,0.7365,12.0398,11.8761,0.9792,0.7105,12.0743,11.8112,1.2283,0.6101,8723.6611,8430.8463,7205.5304,517.3923
2025-10-07 15:33:56,Hello; my name is (gen 120),GPU,0.0000,7230.7692,0.0000,0.0000,59204.8881,0.0000,11.8802,11.8445,0.6602,0.4606,12.0592,11.8474,1.2686,0.6914,12.0038,11.9356,0.7410,0.4652,5456.1061,8187.9101,5552.9697,515.3557
2025-10-07 15:34:04,Hello; my name is (gen 121),GPU,0.0000,7206.0995,0.0000,0.0000,69421.8408,0.0000,12.0998,11.7677,1.2335,1.0530,11.9569,11.9268,0.7112,0.8069,12.0678,11.7297,0.6465,0.4475,12391.7008,9633.7610,5248.5784,507.4688
2025-10-07 15:34:12,Hello; my name is (gen 122),GPU,0.0000,7223.4766,0.9999,0.0000,80978.1604,6.0233,11.8909,11.7971,1.4416,1.1571,12.0991,11.8976,1.2237,0.9425,12.0719,11.8411,0.7072,0.5087,13650.2952,11210.4135,6023.7200,610.1824
2025-10-07 15:34:19,Hello; my name is (gen 123),GPU,0.0000,7221.7801,1.0004,0.0000,66038.1045,13.9524,12.0079,11.7417,0.8216,0.6734,12.0603,11.8494,1.0297,0.7717,11.8167,11.7145,1.0062,1.1906,7906.5659,9144.2974,13946.7500,465.3999
2025-10-07 15:34:27,Hello; my name is (gen 124),GPU,0.0000,7212.4779,0.9997,0.0000,87025.9057,11.7702,12.0814,11.9579,1.3346,0.6610,11.9624,11.7847,1.4257,1.0236,11.8821,11.7420,1.4828,1.0027,7904.6924,12066.0204,11773.8308,384.8844
2025-10-07 15:34:35,Hello; my name is (gen 125),GPU,1.0042,7217.2837,0.0000,7.8376,91134.4063,0.0000,12.0919,11.7698,0.5574,0.6631,11.9975,11.8941,1.4328,1.0620,12.0408,11.9254,0.8050,1.1231,7804.6691,12627.2445,13393.8901,673.0678
2025-10-07 15:34:43,Hello; my name is (gen 126),GPU,0.5028,7228.9593,0.0000,5.6814,72043.8238,0.0000,12.0719,11.8116,0.8390,0.9566,12.0832,11.7971,1.1951,0.8451,12.0805,11.8647,1.2146,1.0128,11298.8854,9966.0021,12016.0061,765.7461
2025-10-07 15:34:50,Hello; my name is (gen 127),GPU,0.0000,7341.8667,0.0000,0.0000,94777.4115,0.0000,11.9662,11.7865,0.6149,0.4773,12.0556,11.8493,1.4663,1.0896,12.0778,11.8807,0.5210,1.1151,5625.1098,12909.1708,13247.9776,348.0371
2025-10-07 15:34:58,Hello; my name is (gen 128),GPU,0.5114,7226.0582,0.9980,2.9456,60704.7944,9.8001,12.0191,11.9140,0.6942,0.4834,11.9377,11.8642,1.4418,0.7100,11.9410,11.9159,0.8587,0.8241,5759.8191,8400.8172,9819.5066,537.8072
2025-10-07 15:35:06,Hello; my name is (gen 129),GPU,0.0000,7230.1216,0.0000,0.0000,90506.8925,0.0000,12.0676,11.8369,1.1432,1.1005,11.8335,11.9188,1.3444,1.0499,12.0516,11.8602,0.5054,0.8314,13026.9350,12518.0318,9860.2439,703.1761
2025-10-07 15:35:14,Hello; my name is (gen 130),GPU,0.0000,7237.0806,0.0000,0.0000,64322.7758,0.0000,11.9438,11.7570,1.4941,0.4802,12.0346,11.8029,1.2824,0.7546,12.0419,11.8959,0.6520,0.6066,5645.5938,8887.9452,7216.4194,731.8598
2025-10-07 15:35:21,Hello; my name is (gen 131),GPU,0.5054,7218.5690,1.5080,4.0494,38912.5101,20.2080,12.0491,11.7042,1.0584,0.6845,11.8937,11.7676,0.7960,0.4580,11.8338,11.9712,1.3515,1.1194,8011.4668,5390.6127,13400.5551,202.1508
2025-10-07 15:35:29,Hello; my name is (gen 132),GPU,0.0000,7226.9356,0.0000,0.0000,82171.1655,0.0000,12.0688,11.9609,0.8069,0.8407,12.0420,11.8474,1.0832,0.9597,11.8788,11.7193,0.9024,1.1879,10055.2147,11370.1256,13921.8193,755.5484
2025-10-07 15:35:37,Hello; my name is (gen 133),GPU,0.5069,7221.4589,0.0000,6.9930,60158.4386,0.0000,11.8558,11.8544,1.1624,1.1638,12.0022,11.7862,1.2222,0.7070,11.8784,11.7805,1.0996,0.8184,13796.2798,8330.5104,9640.9620,241.8227
2025-10-07 15:35:45,Hello; my name is (gen 134),GPU,0.0000,7236.5863,0.9995,0.0000,62722.8087,11.8520,11.9994,11.7265,1.2751,0.8549,12.0373,11.9404,0.9097,0.7266,12.0353,11.9505,0.8102,0.9923,10024.4823,8667.4581,11858.5501,637.2846
2025-10-07 15:35:52,Hello; my name is (gen 135),GPU,0.5071,7197.5782,0.0000,6.7431,52764.7119,0.0000,11.8346,11.7410,0.8657,1.1325,12.0434,11.8643,0.7473,0.6165,12.0435,11.7721,0.5249,1.1374,13296.9961,7330.8980,13389.1422,326.7089
2025-10-07 15:36:00,Hello; my name is (gen 136),GPU,0.0000,7213.7036,0.0000,0.0000,72109.7120,0.0000,11.8981,11.9830,1.4009,0.8641,12.0204,11.7511,0.8532,0.8519,11.9453,11.9898,1.3956,1.0246,10355.0708,9996.2122,12285.1793,561.5718
2025-10-07 15:36:08,Hello; my name is (gen 137),GPU,0.5121,7301.4753,0.0000,5.7536,63968.0371,0.0000,11.8745,11.7450,0.5364,0.9566,12.0492,11.9411,0.9036,0.7333,11.9260,11.7579,0.6370,0.5568,11234.8178,8760.9743,6547.0089,247.9659
2025-10-07 15:36:16,Hello; my name is (gen 138),GPU,0.0000,7288.3677,0.0000,0.0000,60055.3964,0.0000,11.9248,11.7354,1.0277,0.8625,11.8493,11.8389,1.0699,0.6950,11.9595,11.8433,0.7103,1.0798,10121.7731,8239.8966,12788.4978,275.5507
2025-10-07 15:36:23,Hello; my name is (gen 139),GPU,0.0000,7278.4984,0.0000,0.0000,43942.0927,0.0000,12.0714,11.8211,0.7946,0.6572,11.9527,11.8094,0.6264,0.5112,11.9195,11.7583,1.0982,0.7546,7769.0303,6037.2470,8872.7563,796.2504
2025-10-07 15:36:31,Hello; my name is (gen 140),GPU,0.0000,7351.7385,0.0000,0.0000,76893.7668,0.0000,11.8458,11.9189,0.6858,0.6455,11.9400,11.8697,1.2720,0.8785,12.0067,11.8912,0.9544,0.8534,7694.0446,10459.2631,10148.0117,648.9376
2025-10-07 15:36:39,Hello; my name is (gen 141),GPU,0.0000,7256.4819,0.0000,0.0000,74080.3637,0.0000,11.8813,11.8301,0.6367,0.5927,12.0722,11.7876,1.4576,0.8642,11.8876,11.7317,0.6455,0.6675,7011.1463,10208.8539,7830.8238,219.0001
